start_lon,start_lat
-71.11429663,42.37696184
-71.11909163,42.37345399
-71.10394196,42.36261784
-71.12270713,42.38183053
-71.1219793,42.37545994
-71.09647887,42.36904774
-71.11887902,42.37788835
-71.09903357,42.36825188
-71.08662682,42.36103454
-71.08947037,42.37125141
-71.08875725,42.373213
-71.08662682,42.36103454
-71.08749692,42.36175463
-71.0852497,42.36268232
-71.08623358,42.36270448
-71.08585858,42.3621407
-71.12236684,42.38729695
-71.0919839,42.36068363
-71.10339658,42.36326817
-71.08241274,42.37034863
-71.08589028,42.36840894
-71.1080521,42.36683508
-71.10422952,42.36605828
-71.10382846,42.36730935
-71.11768465,42.37207091
-71.08506604,42.37134437
-71.09018309,42.35878749
-71.08437962,42.37056867
-71.11775275,42.37956752
-71.08839543,42.36347756
-71.08749692,42.36175463
-71.09397793,42.35837618
-71.10238887,42.37191029
-71.12406255,42.37930818
-71.10283563,42.36101023
-71.1060889,42.3576161
-71.08151109,42.3633744
-71.11591196,42.37318099
-71.09825448,42.35935225
-71.10056805,42.35515729
-71.10698274,42.35612677
-71.10208955,42.36479526
-71.09856075,42.37242572
-71.104429,42.36994163
-71.10001588,42.36111281
-71.11238678,42.37301833
-71.09356732,42.3597581
-71.10418867,42.36250834
-71.10093393,42.36545398
-71.11548702,42.36939145
-71.11067977,42.36021417
-71.09154305,42.36022305
-71.09648159,42.368826
-71.10309869,42.36141082
-71.09322601,42.36070129
-71.10633028,42.35573662
-71.11075692,42.35692967
-71.09239917,42.35900791
-71.09802106,42.3706019
-71.08798769,42.36599941
-71.11025826,42.357001
-71.10706896,42.35589517
-71.08308255,42.36418165
-71.11522547,42.37040782
-71.11879432,42.38099869
-71.09814005,42.37256113
-71.09866292,42.36440426
-71.1008036,42.3544471
-71.10314557,42.35543977
-71.10573217,42.35621742
-71.09998198,42.37114079
-71.10342263,42.36111121
-71.11397138,42.36860379
-71.10580777,42.35785852
-71.10357572,42.36568978
-71.1230142,42.37867317
-71.11520049,42.36460451
-71.10362639,42.3612509
-71.09899665,42.3631759
-71.07278645,42.37029635
-71.14080046,42.38238963
-71.10264618,42.36366084
-71.1127564,42.35662615
-71.10026917,42.36517517
-71.0986207,42.36606122
-71.11453872,42.3679955
-71.12060605,42.3813576
-71.10359333,42.36757518
-71.10086983,42.36993405
-71.1019281,42.35765892
-71.09767028,42.36768318
-71.11203156,42.35742762
-71.10339495,42.36152203
-71.09894058,42.36911557
-71.08667725,42.36321684
-71.08934074,42.36031884
-71.1419592,42.391845
-71.15446701,42.37853672
-71.09919702,42.36567915
-71.08176385,42.36284228
-71.09968206,42.36960931
-71.09652345,42.35858321
-71.09955199,42.35810938
-71.08803447,42.37245913
-71.12261964,42.37974393
-71.0987204,42.36003573
-71.1224504,42.37869051
-71.10766709,42.36027894
-71.11368755,42.35831818
-71.10714935,42.35664669
-71.12154004,42.37353602
-71.10270745,42.3675912
-71.10599362,42.35680584
-71.1019281,42.35765892
-71.11368755,42.35831818
-71.10706896,42.35589517
-71.10605655,42.35851695
-71.10528882,42.35905921
-71.10285166,42.35797057
-71.1040155,42.35828134
-71.11194571,42.35696988
-71.08427471,42.36821541
-71.11132225,42.3628589
-71.1135046,42.35916909
-71.10302827,42.35700105
-71.11149024,42.37592217
-71.08259307,42.36940932
-71.0908886,42.37319503
-71.11915848,42.3900816
-71.11928202,42.37203532
-71.09730885,42.37308636
-71.11367567,42.3689566
-71.10235487,42.3732477
-71.08064675,42.36771485
-71.10580777,42.35785852
-71.09369219,42.36759899
-71.11827925,42.3854403
-71.08934074,42.36031884
-71.10081875,42.35828273
-71.13105272,42.37660924
-71.08674479,42.37232161
-71.11925814,42.37669708
-71.07527895,42.36855569
-71.09505494,42.35814262
-71.11711994,42.3718833
-71.09682789,42.36366148
-71.11282545,42.35951711
-71.0906772,42.373622
-71.10364918,42.35807814
-71.09951232,42.36892975
-71.11091922,42.35757278
-71.10026859,42.3601545
-71.1207433,42.38112295
-71.08938704,42.37095256
-71.08617738,42.36479214
-71.10285166,42.35797057
-71.11547983,42.37274932
-71.099509,42.36051361
-71.10008753,42.36199203
-71.08472255,42.36206325
-71.11815295,42.37406265
-71.09378565,42.3574682
-71.09508725,42.35692037
-71.0987204,42.36003573
-71.10287613,42.36742885
-71.10446756,42.35942535
-71.09620912,42.36679861
-71.08902073,42.36883154
-71.11363522,42.3733403
-71.10286483,42.37054141
-71.10577374,42.371415
-71.08785475,42.37045389
-71.10420252,42.36733158
-71.10220888,42.36635467
-71.09067307,42.35941899
-71.0823343,42.36889995
-71.07927723,42.362949
-71.10359333,42.36757518
-71.09126603,42.37294828
-71.10582256,42.3636675
-71.11173145,42.36683313
-71.11666709,42.37171527
-71.0801518,42.3649565
-71.09036815,42.3708037
-71.11317675,42.35873333
-71.09934808,42.36146794
-71.09504333,42.35938232
-71.08546297,42.36210025
-71.10596352,42.36218265
-71.09639032,42.370958
-71.10290081,42.36383966
-71.10698274,42.35612677
-71.11327645,42.37813412
-71.1040155,42.35828134
-71.08623358,42.36270448
-71.10333847,42.36227462
-71.0912497,42.36794987
-71.08550816,42.36192178
-71.10104903,42.36670244
-71.10480885,42.36286173
-71.10270635,42.36287007
-71.1092277,42.3729597
-71.0875068,42.37018625
-71.09485891,42.3562401
-71.11069004,42.35848661
-71.11970642,42.37357916
-71.10104903,42.36670244
-71.11809624,42.3733812
-71.08136392,42.36437823
-71.0815805,42.36302972
-71.11469105,42.36555005
-71.10724586,42.356422
-71.11200345,42.36637075
-71.10597068,42.36397922
-71.10325886,42.3549911
-71.10059153,42.37430352
-71.07633012,42.37017384
-71.10399147,42.36085588
-71.11382498,42.35847055
-71.09254897,42.35994942
-71.11178468,42.36657163
-71.09323173,42.3708786
-71.11368557,42.35908565
-71.10238933,42.36809269
-71.09018309,42.35878749
-71.09876974,42.37364856
-71.0977284,42.37032594
-71.10851803,42.3598848
-71.12605053,42.38180669
-71.0949897,42.36996414
-71.11301969,42.37319582
-71.10573217,42.35621742
-71.09914512,42.3590436
-71.12012689,42.38581165
-71.11680027,42.36938672
-71.1055327,42.35392952
-71.1065411,42.36819756
-71.1076577,42.36528795
-71.10931547,42.35948487
-71.11952686,42.38952485
-71.1093779,42.3779835
-71.10580043,42.37315795
-71.09324213,42.36428678
-71.0814036,42.36390706
-71.11223988,42.37204064
-71.12602262,42.3804515
-71.09606776,42.35981711
-71.07872644,42.36195715
-71.09738302,42.36069263
-71.13746675,42.38171795
-71.09350316,42.36746475
-71.12419371,42.37832355
-71.11557313,42.36392133
-71.1005648,42.35719245
-71.11149687,42.36231088
-71.07452037,42.37258231
-71.11994498,42.37155091
-71.10166029,42.36451964
-71.08765373,42.36325299
-71.08865214,42.36359773
-71.0941032,42.36606242
-71.10442642,42.3543272
-71.07945072,42.37180995
-71.09544378,42.36086878
-71.08136392,42.36437823
-71.1139812,42.3791021
-71.08286225,42.36702195
-71.07527895,42.36855569
-71.09261793,42.37248762
-71.09847936,42.37059696
-71.09044938,42.35955835
-71.11139713,42.377777
-71.10495202,42.35776057
-71.0918266,42.3688768
-71.1388783,42.38286355
-71.09391784,42.3683838
-71.11496308,42.37031255
-71.09900132,42.37085164
-71.09508992,42.37045335
-71.09422089,42.36460955
-71.10127019,42.36502842
-71.11278978,42.35848925
-71.09083272,42.36609193
-71.10064905,42.36644877
-71.11173655,42.3663124
-71.09154794,42.36884871
-71.0920709,42.35976105
-71.09319168,42.35950655
-71.08426772,42.3703306
-71.10462055,42.35492352
-71.09201715,42.35968325
-71.11651573,42.37137641
-71.10309869,42.36141082
-71.1013973,42.36685411
-71.09164183,42.3623479
-71.10584003,42.35501692
-71.1416023,42.39577815
-71.09924957,42.36953635
-71.08623358,42.36270448
-71.09555728,42.36293284
-71.15185711,42.37936564
-71.10105823,42.37135926
-71.15194722,42.37943745
-71.1029197,42.35694455
-71.1221129,42.37879085
-71.10584003,42.35501692
-71.10636761,42.35741586
-71.10709011,42.36425132
-71.11594848,42.38557196
-71.09540873,42.37158695
-71.09614083,42.37112934
-71.09616192,42.37196572
-71.09067307,42.35941899
-71.09098619,42.36326769
-71.08589755,42.36456688
-71.08550816,42.36192178
-71.0982266,42.36245696
-71.0789125,42.36707225
-71.07019216,42.36987288
-71.10132058,42.36092227
-71.1041836,42.35858131
-71.07812433,42.36764856
-71.08308255,42.36418165
-71.09073911,42.36456444
-71.07939239,42.36826506
-71.1035962,42.3556175
-71.0848419,42.3641353
-71.0935271,42.36011991
-71.11127501,42.38163732
-71.11007073,42.37872447
-71.10199443,42.36767695
-71.09918732,42.37073459
-71.09154305,42.36022305
-71.11664981,42.37750756
-71.08795597,42.36214776
-71.08197325,42.36345317
-71.08151109,42.3633744
-71.1035962,42.3556175
-71.09843839,42.36987172
-71.0972235,42.37342294
-71.11442611,42.36522988
-71.10695608,42.35697708
-71.09254897,42.35994942
-71.13903996,42.38143503
-71.08349965,42.36706791
-71.10390214,42.35498846
-71.11527925,42.37749906
-71.09446882,42.3618513
-71.10562985,42.35451151
-71.13057843,42.39230539
-71.10419265,42.36344705
-71.08042853,42.36366982
-71.09720074,42.36227253
-71.1144768,42.36901966
-71.08546297,42.36210025
-71.10091705,42.36339758
-71.10704648,42.35851212
-71.10322606,42.36265421
-71.09322601,42.36070129
-71.11147508,42.35755353
-71.07923948,42.37182184
-71.07314458,42.36996756
-71.08260996,42.36810002
-71.1024776,42.36310877
-71.0940947,42.36791985
-71.09862185,42.36661071
-71.10597981,42.35755304
-71.0920709,42.35976105
-71.13606274,42.39559298
-71.10461344,42.36311807
-71.10420075,42.36453135
-71.1052165,42.3597897
-71.09784128,42.36114902
-71.10706415,42.35893935
-71.12140947,42.37249233
-71.11999206,42.37317036
-71.10480885,42.36286173
-71.1060889,42.3576161
-71.09397793,42.35837618
-71.10362639,42.3612509
-71.09919702,42.36567915
-71.10085931,42.36401178
-71.10210658,42.36887082
-71.10064766,42.37101851
-71.10440066,42.3675739
-71.09247823,42.36764081
-71.15021824,42.37533822
-71.08414226,42.3681678
-71.10332732,42.36354604
-71.10316366,42.36228066
-71.10026917,42.36517517
-71.11424124,42.37359836
-71.09257944,42.3633722
-71.12049861,42.38486362
-71.1034224,42.3630754
-71.12012966,42.37362122
-71.11651573,42.37137641
-71.08585858,42.3621407
-71.09386902,42.35656737
-71.09154305,42.36022305
-71.08349965,42.36706791
-71.10402523,42.3624897
-71.11688543,42.37258947
-71.10080879,42.36061689
-71.1042864,42.36108035
-71.09044938,42.35955835
-71.11067194,42.37171067
-71.10286133,42.36162208
-71.10344396,42.36245347
-71.10399578,42.36364321
-71.1135046,42.35916909
-71.11711994,42.3718833
-71.11183668,42.3573303
-71.09962904,42.37243427
-71.11153995,42.35669808
-71.09322601,42.36070129
-71.10464496,42.36459989
-71.1027835,42.36373335
-71.10573217,42.35621742
-71.11694868,42.37771525
-71.10306124,42.3710833
-71.08260139,42.36135795
-71.10146895,42.3661058
-71.10066189,42.36698633
-71.09917829,42.36799557
-71.13049548,42.39479032
-71.10543366,42.36359822
-71.0962737,42.36283359
-71.07721285,42.36653192
-71.09412544,42.36141862
-71.09839871,42.35822542
-71.12583146,42.39182648
-71.10382846,42.36730935
-71.11420365,42.3582614
-71.09073911,42.36456444
-71.14333318,42.39316162
-71.1113188,42.36084678
-71.12104274,42.37396648
-71.09412544,42.36141862
-71.09527579,42.37387712
-71.1120176,42.3580301
-71.1101553,42.36018562
-71.13185748,42.3944347
-71.1031598,42.3631198
-71.10672265,42.35520356
-71.10364918,42.35807814
-71.09555728,42.36293284
-71.10490463,42.36898504
-71.10132058,42.36092227
-71.14362063,42.39384833
-71.10097024,42.36665981
-71.08684353,42.37145769
-71.1200007,42.3713964
-71.11495381,42.3645706
-71.11548143,42.36903331
-71.12092818,42.38486047
-71.1137731,42.35818935
-71.10294429,42.36249857
-71.09457167,42.36643564
-71.07749149,42.36544853
-71.11560012,42.37069093
-71.10751123,42.3656622
-71.09442546,42.35717456
-71.10314557,42.35543977
-71.10147395,42.365534
-71.11093894,42.37672719
-71.11240284,42.37578216
-71.12219348,42.3870049
-71.09247084,42.36160686
-71.07934407,42.36571397
-71.07842263,42.36558551
-71.1005648,42.35719245
-71.09900776,42.36363423
-71.09098619,42.36326769
-71.11999206,42.37317036
-71.09508139,42.36250999
-71.08703295,42.36499122
-71.08876884,42.36494749
-71.12120464,42.37492087
-71.11970642,42.37357916
-71.11526232,42.35970327
-71.10501665,42.36188735
-71.11909163,42.37345399
-71.09164183,42.3623479
-71.09804104,42.3583824
-71.10341178,42.36066345
-71.09435507,42.36124178
-71.0980741,42.36382638
-71.10056805,42.35515729
-71.09271326,42.36087637
-71.11675576,42.37503266
-71.11812751,42.38877984
-71.10422952,42.36605828
-71.12090872,42.37213041
-71.08749692,42.36175463
-71.11159613,42.36678023
-71.10285166,42.35797057
-71.10260959,42.3643265
-71.09573896,42.35871975
-71.09804104,42.3583824
-71.11274582,42.37073642
-71.13647828,42.37982576
-71.13238713,42.38259913
-71.09505494,42.35814262
-71.12046916,42.37155112
-71.10573217,42.35621742
-71.08457647,42.36822856
-71.11284729,42.3582318
-71.09998561,42.36620998
-71.10502809,42.36339407
-71.10245296,42.37182617
-71.09574765,42.3742859
-71.09788231,42.37286773
-71.09442546,42.35717456
-71.11680027,42.36938672
-71.09277125,42.35952966
-71.0844972,42.3712885
-71.10317797,42.36346938
-71.10223675,42.3728064
-71.10451272,42.36031668
-71.10834748,42.36028391
-71.10325886,42.3549911
-71.10557992,42.36134475
-71.10440066,42.3675739
-71.09862185,42.36661071
-71.09685112,42.36340993
-71.0987204,42.36003573
-71.12081787,42.37491665
-71.11424232,42.37167538
-71.07913119,42.36623205
-71.12094557,42.38780033
-71.09044938,42.35955835
-71.10229332,42.36421561
-71.09319168,42.35950655
-71.0801518,42.3649565
-71.12022168,42.3714856
-71.09766897,42.37249238
-71.09549148,42.3701271
-71.10504064,42.36215139
-71.1108577,42.3564572
-71.07825496,42.37098356
-71.10210365,42.36743972
-71.11179626,42.35817146
-71.11430587,42.35718094
-71.14255032,42.38205524
-71.10145256,42.36677927
-71.11135915,42.35748953
-71.11185223,42.35869315
-71.09799172,42.37250891
-71.1351489,42.37535255
-71.08747349,42.36437315
-71.08763166,42.36084452
-71.08692828,42.36167285
-71.10633028,42.35573662
-71.07797472,42.36706666
-71.08365971,42.36074076
-71.0757946,42.3655063
-71.11468144,42.37299442
-71.10584003,42.35501692
-71.08795597,42.36214776
-71.10503933,42.36225692
-71.10142955,42.36634259
-71.11220697,42.35840955
-71.08876884,42.36494749
-71.08571552,42.360176
-71.09254897,42.35994942
-71.09108474,42.35945066
-71.10020765,42.36382082
-71.10625024,42.36380684
-71.0971269,42.36366015
-71.11277387,42.36514777
-71.10709088,42.36957985
-71.10286133,42.36162208
-71.1144702,42.36947985
-71.09760014,42.36290009
-71.1060889,42.3576161
-71.11998234,42.37206625
-71.12213249,42.37325648
-71.09351742,42.35825592
-71.08322572,42.37037941
-71.11748233,42.36994275
-71.10260959,42.3643265
-71.11593397,42.36978353
-71.11443448,42.36886926
-71.08386557,42.36998186
-71.11021883,42.37536583
-71.06962559,42.37025693
-71.10339495,42.36152203
-71.10073775,42.36144132
-71.12014207,42.37212026
-71.11768465,42.37207091
-71.12041123,42.37193928
-71.08472255,42.36206325
-71.10543034,42.36451517
-71.07898455,42.37178245
-71.0930601,42.36038339
-71.1052526,42.36316133
-71.09109483,42.37198975
-71.14203097,42.39578604
-71.08874678,42.36303852
-71.14035308,42.39625878
-71.09466773,42.36095654
-71.12001003,42.37299617
-71.11523271,42.368415
-71.0962737,42.36283359
-71.07850643,42.36623525
-71.09955199,42.35810938
-71.12103565,42.37437663
-71.09113726,42.36085867
-71.10633028,42.35573662
-71.09804104,42.3583824
-71.09098619,42.36326769
-71.10380297,42.35989893
-71.10081875,42.35828273
-71.09013443,42.3611579
-71.09504333,42.35938232
-71.10446075,42.3665281
-71.12192145,42.38713195
-71.0971269,42.36366015
-71.1006111,42.36579265
-71.11246348,42.36795728
-71.08583953,42.36188829
-71.09515103,42.35963438
-71.08974194,42.37246237
-71.08623358,42.36270448
-71.10244041,42.35770087
-71.09847936,42.37059696
-71.10280775,42.37207916
-71.09573896,42.35871975
-71.10495202,42.35776057
-71.09862787,42.36017756
-71.0976792,42.37044726
-71.08788993,42.36149681
-71.08934074,42.36031884
-71.1210305,42.38762835
-71.11052123,42.37251599
-71.09378565,42.3574682
-71.11074663,42.37297222
-71.11866779,42.371526
-71.08703295,42.36499122
-71.09504333,42.35938232
-71.08839543,42.36347756
-71.1060889,42.3576161
-71.08934074,42.36031884
-71.08937202,42.36342991
-71.07903302,42.36326216
-71.10406829,42.3674567
-71.10357572,42.36568978
-71.10302785,42.3677126
-71.08748081,42.36280808
-71.08513341,42.36435134
-71.12231601,42.39133742
-71.11622209,42.37281943
-71.10647371,42.36575019
-71.10688078,42.36904155
-71.10437241,42.37235788
-71.08623358,42.36270448
-71.08839543,42.36347756
-71.1062434,42.36489813
-71.1162432,42.37944417
-71.10289829,42.36269679
-71.11192166,42.35657072
-71.10958451,42.37120403
-71.11278388,42.37369012
-71.08811774,42.37335692
-71.08902657,42.36092394
-71.10480885,42.36286173
-71.10347934,42.35434628
-71.09760014,42.36290009
-71.11701687,42.37218605
-71.1016812,42.36639275
-71.10015865,42.36298307
-71.0962737,42.36283359
-71.09874192,42.36169273
-71.09491994,42.37172922
-71.10002977,42.36174961
-71.08143251,42.36792406
-71.11395999,42.3712095
-71.09379192,42.36661807
-71.11230694,42.37776789
-71.07905951,42.37108858
-71.11492114,42.36470022
-71.10622409,42.37303965
-71.10380375,42.35883004
-71.1019281,42.35765892
-71.09337113,42.36806026
-71.08795597,42.36214776
-71.10244041,42.35770087
-71.09762665,42.3622725
-71.10700986,42.35448689
-71.09949946,42.35772146
-71.09414158,42.35832148
-71.09295686,42.36519426
-71.11863127,42.38060142
-71.08440816,42.37147676
-71.12166723,42.37365981
-71.11850252,42.37358794
-71.11994498,42.37155091
-71.09067307,42.35941899
-71.09580711,42.35668294
-71.08985732,42.36070516
-71.09788713,42.36842585
-71.11175646,42.35687581
-71.11386676,42.36991525
-71.09485891,42.3562401
-71.09955059,42.36526812
-71.10859417,42.3739687
-71.09918818,42.37396155
-71.11397597,42.36607222
-71.09234636,42.35809007
-71.08749692,42.36175463
-71.10714935,42.35664669
-71.10066189,42.36698633
-71.10230186,42.35975477
-71.0980741,42.36382638
-71.10467866,42.36847287
-71.10734527,42.37039533
-71.11443265,42.36960535
-71.13058995,42.3892642
-71.11798133,42.37015786
-71.09358036,42.36129295
-71.11416341,42.37414126
-71.11180053,42.36852819
-71.08295715,42.3640637
-71.09201715,42.35968325
-71.11120325,42.3582137
-71.09234636,42.35809007
-71.1236315,42.37470289
-71.07938385,42.37213335
-71.11648473,42.37212507
-71.1108801,42.37190986
-71.11772985,42.37539152
-71.08902981,42.37315698
-71.08765373,42.36325299
-71.11344194,42.35797142
-71.09625031,42.36023425
-71.08810427,42.36388695
-71.08876884,42.36494749
-71.1062866,42.3608885
-71.10393678,42.36308224
-71.09515103,42.35963438
-71.09320503,42.36115145
-71.09134592,42.35740805
-71.11173655,42.3565081
-71.0852497,42.36268232
-71.10645407,42.36750795
-71.08585858,42.3621407
-71.10704353,42.37069054
-71.08985732,42.36070516
-71.11238678,42.37301833
-71.09154305,42.36022305
-71.09095643,42.37298174
-71.09559756,42.36502901
-71.09013813,42.3739527
-71.13355039,42.39664403
-71.0853515,42.36362475
-71.11367567,42.3689566
-71.10625024,42.36380684
-71.09449747,42.361092
-71.10026917,42.36517517
-71.1411671,42.38115755
-71.08615428,42.36727305
-71.10698274,42.35612677
-71.10714935,42.35664669
-71.10939705,42.3751815
-71.08339796,42.36310196
-71.09893701,42.36210807
-71.11677858,42.37764518
-71.08926099,42.36230362
-71.09239917,42.35900791
-71.07905951,42.37108858
-71.10588361,42.36225068
-71.11261721,42.37116871
-71.09257944,42.3633722
-71.08151109,42.3633744
-71.0828517,42.36351583
-71.10488661,42.36543304
-71.10152621,42.37003594
-71.11551357,42.3697169
-71.11768465,42.37207091
-71.11452293,42.36833349
-71.09415183,42.36077089
-71.08874678,42.36303852
-71.0970698,42.37365325
-71.1123805,42.3776559
-71.09693411,42.36821093
-71.10562985,42.35451151
-71.10664592,42.3539526
-71.1055327,42.35392952
-71.10266651,42.37216688
-71.09435507,42.36124178
-71.09242092,42.3675792
-71.09435507,42.36124178
-71.10294092,42.36417677
-71.11073328,42.35637679
-71.11935782,42.3718226
-71.1183805,42.37145503
-71.09632757,42.36724486
-71.09265902,42.37195399
-71.09371104,42.36337264
-71.11650707,42.37346313
-71.10402523,42.3624897
-71.09883002,42.36743705
-71.09733202,42.37031467
-71.11283813,42.37573502
-71.10322606,42.36265421
-71.12106031,42.37474945
-71.12024851,42.372179
-71.10363033,42.36643555
-71.10516682,42.36345699
-71.09705367,42.36307024
-71.10486243,42.37053537
-71.1205056,42.37173819
-71.08662682,42.36103454
-71.12394336,42.37418637
-71.09449747,42.361092
-71.11154699,42.36776545
-71.09862787,42.36017756
-71.10087522,42.37399997
-71.10284065,42.36332067
-71.08172938,42.36718642
-71.09083126,42.35967648
-71.09979155,42.36705795
-71.10332732,42.36354604
-71.10302785,42.3677126
-71.11522221,42.35692115
-71.09320324,42.37252883
-71.09351742,42.35825592
-71.0808838,42.36514465
-71.11722165,42.38051895
-71.07749149,42.36544853
-71.11424124,42.37359836
-71.09449517,42.37127991
-71.14060626,42.38187495
-71.14199138,42.38126705
-71.07168515,42.37019158
-71.09356732,42.3597581
-71.08365971,42.36074076
-71.07907531,42.36778735
-71.0795231,42.3696577
-71.11867313,42.38019617
-71.08214497,42.36115686
-71.10875031,42.37300422
-71.11154428,42.37278894
-71.08703295,42.36499122
-71.10551202,42.35388416
-71.10442642,42.3543272
-71.11885316,42.39053852
-71.10646074,42.35618133
-71.11146731,42.35713207
-71.09415183,42.36077089
-71.10410167,42.36882521
-71.08606549,42.37016792
-71.07812433,42.36764856
-71.10395906,42.36718325
-71.11548259,42.37175037
-71.15503023,42.3807874
-71.09839871,42.35822542
-71.1001361,42.36624895
-71.08160792,42.3623512
-71.09477063,42.35904934
-71.10270745,42.3675912
-71.10104903,42.36670244
-71.10828536,42.37243459
-71.10088506,42.36475947
-71.10302785,42.3677126
-71.11135915,42.35748953
-71.07940706,42.36841894
-71.11173655,42.3565081
-71.10432177,42.36680692
-71.12107212,42.37504222
-71.10432177,42.36680692
-71.10438813,42.3626373
-71.09762665,42.3622725
-71.0971269,42.36366015
-71.09779363,42.3644449
-71.11420475,42.36887125
-71.10244041,42.35770087
-71.10399147,42.36085588
-71.10294429,42.36249857
-71.10093393,42.36545398
-71.08810427,42.36388695
-71.08214497,42.36115686
-71.09298949,42.36473294
-71.13990125,42.38139117
-71.11514323,42.36502762
-71.11420475,42.36887125
-71.07948117,42.36782802
-71.09580711,42.35668294
-71.09273375,42.36402021
-71.08197325,42.36345317
-71.11909163,42.37345399
-71.10698274,42.35612677
-71.11444096,42.36815263
-71.12124337,42.37429613
-71.0987204,42.36003573
-71.09086412,42.36000028
-71.11928202,42.37203532
-71.10088506,42.36475947
-71.1078982,42.37143975
-71.07971113,42.36805512
-71.09692253,42.37237504
-71.09818679,42.36606258
-71.12179939,42.38714923
-71.08513341,42.36435134
-71.0852497,42.36268232
-71.07749149,42.36544853
-71.1212225,42.37505935
-71.07863574,42.37229395
-71.12056608,42.39229171
-71.11935782,42.3718226
-71.08176385,42.36284228
-71.0934081,42.36828698
-71.09201715,42.35968325
-71.09058485,42.36044638
-71.14110878,42.38269436
-71.10362639,42.3612509
-71.09804104,42.3583824
-71.10892677,42.36568245
-71.09098619,42.36326769
-71.08733726,42.36046472
-71.08472255,42.36206325
-71.11332741,42.35944266
-71.08926099,42.36230362
-71.09324213,42.36428678
-71.07850643,42.36623525
-71.0940947,42.36791985
-71.0950991,42.37256485
-71.09850935,42.37399716
-71.11433721,42.3700193
-71.10846178,42.36606821
-71.10160993,42.36648075
-71.09044938,42.35955835
-71.1134496,42.3587034
-71.11909163,42.37345399
-71.09804085,42.36750221
-71.10667771,42.36476065
-71.11966936,42.37794395
-71.10026859,42.3601545
-71.13295019,42.37519494
-71.12362857,42.37396493
-71.10599362,42.35680584
-71.09771845,42.3634781
-71.10008753,42.36199203
-71.10532668,42.36831232
-71.07629724,42.36802593
-71.10137649,42.36435773
-71.09320503,42.36115145
-71.08779438,42.36178042
-71.09201715,42.35968325
-71.1035962,42.3556175
-71.09412544,42.36141862
-71.11835097,42.37510829
-71.12002294,42.37174465
-71.11030253,42.37273943
-71.10996028,42.372069
-71.11025826,42.357001
-71.0919839,42.36068363
-71.10547455,42.36871084
-71.12210092,42.37269962
-71.09893701,42.36210807
-71.11283745,42.37453802
-71.08934074,42.36031884
-71.08937202,42.36342991
-71.1040155,42.35828134
-71.1211816,42.3892462
-71.08260139,42.36135795
-71.1065137,42.36396287
-71.1032383,42.36757145
-71.09108474,42.35945066
-71.09816688,42.36031225
-71.09477063,42.35904934
-71.11796168,42.38017408
-71.12600205,42.38067377
-71.11555612,42.38445317
-71.08692828,42.36167285
-71.09053915,42.363431
-71.08623358,42.36270448
-71.09257944,42.3633722
-71.08617738,42.36479214
-71.11789286,42.37249494
-71.07971113,42.36805512
-71.1065137,42.36396287
-71.09732619,42.36574076
-71.10311276,42.36258304
-71.10137649,42.36435773
-71.1219422,42.3880006
-71.08463183,42.36170904
-71.09073911,42.36456444
-71.10627964,42.35736489
-71.07721285,42.36653192
-71.09375344,42.36018961
-71.08749692,42.36175463
-71.10674386,42.3675047
-71.11736033,42.37971814
-71.10557936,42.36340637
-71.09675527,42.37113143
-71.08435148,42.36380294
-71.09053915,42.363431
-71.08795597,42.36214776
-71.11987535,42.37226524
-71.08339796,42.36310196
-71.10365817,42.36347977
-71.10312856,42.36178092
-71.11142761,42.35680992
-71.09588318,42.36836518
-71.09477063,42.35904934
-71.09371104,42.36337264
-71.10381879,42.36604667
-71.11999206,42.37317036
-71.08321662,42.36143689
-71.09356911,42.36161301
-71.0935271,42.36011991
-71.09086412,42.36000028
-71.10329003,42.3631893
-71.12025755,42.38059144
-71.07778504,42.36570744
-71.10408901,42.36707007
-71.10080879,42.36061689
-71.07412787,42.37041268
-71.07024295,42.36982695
-71.09804104,42.3583824
-71.11711994,42.3718833
-71.09397793,42.35837618
-71.10270745,42.3675912
-71.09508725,42.35692037
-71.09934808,42.36146794
-71.1368277,42.38364206
-71.09378565,42.3574682
-71.08295715,42.3640637
-71.08749692,42.36175463
-71.11937944,42.37133216
-71.11937944,42.37133216
-71.1189452,42.37186101
-71.151418,42.3790891
-71.09201715,42.35968325
-71.09485891,42.3562401
-71.09134592,42.35740805
-71.09504333,42.35938232
-71.11047713,42.37201953
-71.0814036,42.36390706
-71.09801134,42.36012067
-71.10302827,42.35700105
-71.11879234,42.37934825
-71.08296275,42.3680441
-71.09254897,42.35994942
-71.10462055,42.35492352
-71.11943842,42.37456835
-71.08692828,42.36167285
-71.09311696,42.36336962
-71.10380375,42.35883004
-71.10341178,42.36066345
-71.09371104,42.36337264
-71.09414158,42.35832148
-71.09544378,42.36086878
-71.08785254,42.36991305
-71.06782895,42.37141426
-71.08585858,42.3621407
-71.1066622,42.3564313
-71.10546969,42.36332179
-71.09337905,42.36480845
-71.11727249,42.38019681
-71.09702557,42.36377407
-71.1016812,42.36639275
-71.11135915,42.35748953
-71.0930601,42.36038339
-71.11812751,42.38877984
-71.09738302,42.36069263
-71.08585858,42.3621407
-71.08985732,42.36070516
-71.10357572,42.36568978
-71.10123633,42.37289023
-71.09053915,42.363431
-71.09397793,42.35837618
-71.09530761,42.36631348
-71.12320212,42.37423521
-71.08392274,42.36173735
-71.09446882,42.3618513
-71.08926099,42.36230362
-71.09254897,42.35994942
-71.11603407,42.38035321
-71.11835097,42.37510829
-71.10064411,42.3646655
-71.10269354,42.36736042
-71.09754143,42.36570857
-71.11268724,42.35592312
-71.10308748,42.3634019
-71.10724586,42.356422
-71.09477063,42.35904934
-71.1107106,42.37227835
-71.08795597,42.36214776
-71.10630205,42.36409035
-71.06936287,42.37043606
-71.09971141,42.35963531
-71.1036128,42.36253275
-71.1077284,42.36813262
-71.0930601,42.36038339
-71.09580711,42.35668294
-71.08310552,42.36328912
-71.10144211,42.35879081
-71.1003589,42.3657525
-71.097894,42.35962955
-71.07820815,42.36702325
-71.11395145,42.37807772
-71.09833942,42.36652592
-71.10580777,42.35785852
-71.09098619,42.36326769
-71.10411085,42.3635426
-71.09652345,42.35858321
-71.1024776,42.36310877
-71.12554391,42.38022278
-71.11095125,42.36113565
-71.10583089,42.35995363
-71.1467681,42.3766887
-71.09731784,42.3640376
-71.10019293,42.36568991
-71.12208789,42.37380884
-71.11238678,42.37301833
-71.10362639,42.3612509
-71.11952686,42.38952485
-71.09342746,42.35764491
-71.09648159,42.368826
-71.08763166,42.36084452
-71.10002277,42.36670856
-71.09515103,42.35963438
-71.06962559,42.37025693
-71.07219757,42.36923926
-71.10317797,42.36346938
-71.07948631,42.37195564
-71.0771372,42.36448013
-71.08902574,42.36428884
-71.09971141,42.35963531
-71.11470681,42.36504933
-71.11324587,42.35808772
-71.1005648,42.35719245
-71.09061963,42.3687854
-71.1107503,42.36277903
-71.11284729,42.3582318
-71.09254897,42.35994942
-71.09018309,42.35878749
-71.08810427,42.36388695
-71.09067027,42.36242428
-71.09730885,42.37308636
-71.09801134,42.36012067
-71.09805387,42.36887191
-71.08862548,42.36164777
-71.09954813,42.36446077
-71.0977025,42.36621245
-71.10340755,42.3676481
-71.11434511,42.36785288
-71.12342081,42.37375956
-71.10495956,42.36399758
-71.11415087,42.36730356
-71.11711793,42.37391885
-71.12445304,42.37410256
-71.11030029,42.35677644
-71.12022412,42.37313321
-71.1013846,42.37025345
-71.1076023,42.36660364
-71.08240883,42.36807127
-71.09322601,42.36070129
-71.0981735,42.3686261
-71.09653637,42.37438298
-71.106074,42.3731884
-71.09044938,42.35955835
-71.10117311,42.365713
-71.08874678,42.36303852
-71.10378225,42.36767378
-71.07067529,42.37101415
-71.08321662,42.36143689
-71.10424052,42.36848834
-71.09342746,42.35764491
-71.11146731,42.35713207
-71.09934808,42.36146794
-71.10873863,42.3798553
-71.10451272,42.36031668
-71.10011738,42.3659501
-71.10495202,42.35776057
-71.07749149,42.36544853
-71.126766,42.38142551
-71.10623178,42.36414427
-71.07995163,42.37158714
-71.0787089,42.37179057
-71.09308096,42.37176288
-71.11409915,42.3694673
-71.1352699,42.38376635
-71.12124337,42.37429613
-71.0919839,42.36068363
-71.12022412,42.37313321
-71.09688142,42.36009491
-71.1129828,42.37148352
-71.11431015,42.3797469
-71.09414158,42.35832148
-71.08748081,42.36280808
-71.1019964,42.3711084
-71.10564616,42.36374158
-71.08584315,42.37162507
-71.10365817,42.36347977
-71.08373575,42.3699815
-71.1200075,42.37421846
-71.09745719,42.36460181
-71.12148989,42.37240218
-71.09485891,42.3562401
-71.09580711,42.35668294
-71.0935271,42.36011991
-71.13628345,42.37352966
-71.10614105,42.36556818
-71.0948748,42.3603669
-71.09082317,42.37308782
-71.1095631,42.36414265
-71.09876974,42.37364856
-71.1040155,42.35828134
-71.10008753,42.36199203
-71.09485891,42.3562401
-71.08795597,42.36214776
-71.10002977,42.36174961
-71.10573754,42.35740539
-71.09990785,42.36619425
-71.1051004,42.3554252
-71.10102166,42.36533324
-71.08589755,42.36456688
-71.09371104,42.36337264
-71.11452293,42.36833349
-71.1120833,42.3755648
-71.1204932,42.38888805
-71.11281864,42.37613294
-71.08609075,42.37135875
-71.1008036,42.3544471
-71.11280616,42.36502397
-71.11291701,42.35775813
-71.1117783,42.35598725
-71.08667725,42.36321684
-71.09918989,42.36724197
-71.09891101,42.35763069
-71.10341178,42.36066345
-71.08561003,42.36408341
-71.13527019,42.38093268
-71.11194571,42.35696988
-71.08747349,42.36437315
-71.09159435,42.36336144
-71.10253215,42.36253273
-71.0990572,42.3652711
-71.08865214,42.36359773
-71.1099023,42.3716173
-71.12014207,42.37212026
-71.12017996,42.37282594
-71.10801857,42.36557556
-71.11119689,42.37584314
-71.10286133,42.36162208
-71.09413546,42.36759723
-71.11925814,42.37669708
-71.08546297,42.36210025
-71.09715767,42.36176177
-71.11116242,42.35779465
-71.10495202,42.35776057
-71.11028793,42.35714483
-71.097894,42.35962955
-71.09108474,42.35945066
-71.07923948,42.37182184
-71.09277534,42.36202809
-71.10643696,42.35745801
-71.10502931,42.36375496
-71.11960763,42.37199715
-71.11593397,42.36978353
-71.09108474,42.35945066
-71.09505494,42.35814262
-71.08546297,42.36210025
-71.11308449,42.36898356
-71.1003391,42.3649117
-71.1114696,42.3776017
-71.09372757,42.36736022
-71.11134105,42.37629362
-71.1073828,42.359692
-71.09955199,42.35810938
-71.11627918,42.38504828
-71.08779438,42.36178042
-71.11116242,42.35779465
-71.10695608,42.35697708
-71.10104903,42.36670244
-71.11129862,42.37287708
-71.07396773,42.36666591
-71.11135077,42.37528774
-71.10008753,42.36199203
-71.11172757,42.37570838
-71.10557936,42.36340637
-71.1044413,42.35858653
-71.0789125,42.36707225
-71.09580711,42.35668294
-71.10289087,42.36298572
-71.09212421,42.36781761
-71.09446882,42.3618513
-71.09767761,42.36366417
-71.11930589,42.37319301
-71.1044822,42.3719402
-71.09965725,42.36581795
-71.10080879,42.36061689
-71.11503644,42.35812323
-71.07797472,42.36706666
-71.09956778,42.36508787
-71.09924783,42.36321892
-71.11711793,42.37391885
-71.11453872,42.3679955
-71.09320503,42.36115145
-71.09831926,42.36500724
-71.10562985,42.35451151
-71.09201715,42.35968325
-71.09318083,42.35929494
-71.11746378,42.3725766
-71.1464315,42.37587408
-71.10024922,42.36600273
-71.12634206,42.38104331
-71.0815805,42.36302972
-71.09652345,42.35858321
-71.13460028,42.38230672
-71.09573896,42.35871975
-71.10137649,42.36435773
-71.10306935,42.3629325
-71.10440066,42.3675739
-71.07836968,42.37138944
-71.09397793,42.35837618
-71.10313278,42.35924791
-71.12046916,42.37155112
-71.09086412,42.36000028
-71.07842263,42.36558551
-71.10597981,42.35755304
-71.10670859,42.35683404
-71.10283563,42.36101023
-71.11860269,42.37413072
-71.09851188,42.36296155
-71.09227003,42.36877514
-71.11708295,42.37444785
-71.09394509,42.36121602
-71.09247823,42.36764081
-71.09863415,42.37106899
-71.12106031,42.37474945
-71.12210092,42.37269962
-71.10339658,42.36326817
-71.12142949,42.3742045
-71.0953257,42.3710369
-71.11666709,42.37171527
-71.08795597,42.36214776
-71.10562985,42.35451151
-71.10452531,42.36557457
-71.08749692,42.36175463
-71.09058485,42.36044638
-71.08934074,42.36031884
-71.08788993,42.36149681
-71.12076709,42.38047258
-71.09728875,42.36365859
-71.1028313,42.3641013
-71.08810427,42.36388695
-71.09058485,42.36044638
-71.1051368,42.3638739
-71.08788993,42.36149681
-71.08934074,42.36031884
-71.10235877,42.36681406
-71.1003391,42.3649117
-71.10123055,42.36678345
-71.10418867,42.36250834
-71.10104152,42.36693926
-71.10237356,42.36393155
-71.0757946,42.3655063
-71.08779438,42.36178042
-71.09147013,42.37340165
-71.0987204,42.36003573
-71.10525675,42.36783306
-71.10521812,42.3687844
-71.12090872,42.37213041
-71.11522338,42.37386947
-71.09982813,42.36617649
-71.09899665,42.3631759
-71.07527895,42.36855569
-71.09526258,42.36643774
-71.09732619,42.36574076
-71.07778504,42.36570744
-71.08662682,42.36103454
-71.10346149,42.36719024
-71.10548107,42.36819023
-71.08667725,42.36321684
-71.09453643,42.37075927
-71.08571552,42.360176
-71.11645128,42.38573554
-71.08926099,42.36230362
-71.09201715,42.35968325
-71.10044547,42.3657973
-71.06962559,42.37025693
-71.09508725,42.35692037
-71.09504333,42.35938232
-71.08172938,42.36718642
-71.08450278,42.3605652
-71.10306935,42.3629325
-71.09712886,42.36403403
-71.12031525,42.3868483
-71.11703083,42.37230722
-71.11210535,42.35639945
-71.09324213,42.36428678
-71.07014229,42.37038166
-71.09159435,42.36336144
-71.08714586,42.37147982
-71.11813045,42.37204068
-71.09195835,42.36477209
-71.112905,42.3566827
-71.09008395,42.36685555
-71.12022168,42.3714856
-71.09685573,42.36103827
-71.08214497,42.36115686
-71.09371104,42.36337264
-71.114105,42.3751337
-71.09254897,42.35994942
-71.09058495,42.36456765
-71.11298818,42.36791774
-71.11471013,42.36467313
-71.10736007,42.36791747
-71.0980499,42.37320301
-71.10888007,42.36647904
-71.0771372,42.36448013
-71.12434225,42.3725671
-71.09415183,42.36077089
-71.08937202,42.36342991
-71.11823898,42.3722398
-71.08244338,42.37023158
-71.06888495,42.37123795
-71.10314557,42.35543977
-71.11648057,42.38503366
-71.08550816,42.36192178
-71.10391413,42.37270366
-71.09880902,42.36981306
-71.09508725,42.35692037
-71.09298949,42.36473294
-71.11928202,42.37203532
-71.10694239,42.37700003
-71.07939239,42.36826506
-71.07939239,42.36826506
-71.0789125,42.36707225
-71.07517385,42.36655313
-71.1205056,42.37173819
-71.12404026,42.37968696
-71.11317675,42.35873333
-71.08450278,42.3605652
-71.10438813,42.3626373
-71.10491808,42.36579248
-71.08623358,42.36270448
-71.11789286,42.37249494
-71.11788406,42.38044253
-71.09412544,42.36141862
-71.09755275,42.36997472
-71.09843596,42.36389688
-71.10240258,42.36076029
-71.09351742,42.35825592
-71.09500815,42.37058246
-71.08934074,42.36031884
-71.11866779,42.371526
-71.11379012,42.37110616
-71.10050588,42.35858041
-71.11418983,42.37021673
-71.11999206,42.37317036
-71.11429055,42.37862582