string(self),string(self.stationCharging),self.chargingStartTime,time - self.chargingStartTime,time,self.batteryLifeBeginningCharge,(self.batteryLife / maxBatteryLife) * 100
bike(104),chargingStation(1),26520.0,120.0,26640.0,24.36993091083876,100.0
bike(116),chargingStation(0),28320.0,120.0,28440.0,23.871894719636284,100.0
bike(92),chargingStation(1),28920.0,120.0,29040.0,24.738021155046393,100.0
bike(128),chargingStation(1),28980.0,120.0,29100.0,24.394397885148823,100.0
bike(5),chargingStation(1),29040.0,120.0,29160.0,24.547996822371577,100.0
bike(108),chargingStation(1),29100.0,120.0,29220.0,24.02944354313059,100.0
bike(132),chargingStation(1),29100.0,120.0,29220.0,24.185233070284294,100.0
bike(43),chargingStation(1),29160.0,120.0,29280.0,23.938367187720893,100.0
bike(97),chargingStation(1),29160.0,120.0,29280.0,23.92354670344953,100.0
bike(21),chargingStation(1),29280.0,120.0,29400.0,24.375240979285305,100.0
bike(46),chargingStation(1),29280.0,120.0,29400.0,23.937075974688604,100.0
bike(113),chargingStation(1),29280.0,120.0,29400.0,23.383762974728022,100.0
bike(122),chargingStation(1),29280.0,120.0,29400.0,23.886611953784566,100.0
bike(63),chargingStation(1),29340.0,120.0,29460.0,24.137225525652866,100.0
bike(68),chargingStation(1),29340.0,120.0,29460.0,23.87606479809391,100.0
bike(56),chargingStation(1),29400.0,120.0,29520.0,23.134956527351765,100.0
bike(107),chargingStation(1),29400.0,120.0,29520.0,24.608325093343165,100.0
bike(126),chargingStation(1),29400.0,120.0,29520.0,23.774443665797683,100.0
bike(26),chargingStation(1),29460.0,120.0,29580.0,22.601846123019968,100.0
bike(19),chargingStation(1),29520.0,120.0,29640.0,23.342776433046662,100.0
bike(61),chargingStation(1),29520.0,120.0,29640.0,24.085832754367033,100.0
bike(87),chargingStation(0),29520.0,120.0,29640.0,23.410765901263638,100.0
bike(88),chargingStation(1),29520.0,120.0,29640.0,23.02421780412912,100.0
bike(91),chargingStation(0),29520.0,120.0,29640.0,23.02255959812433,100.0
bike(10),chargingStation(0),29580.0,120.0,29700.0,24.497303609591377,100.0
bike(84),chargingStation(1),29580.0,120.0,29700.0,23.476115991843116,100.0
bike(59),chargingStation(1),29640.0,120.0,29760.0,23.372816343363972,100.0
bike(30),chargingStation(0),29700.0,120.0,29820.0,23.190681490135603,100.0
bike(96),chargingStation(1),29700.0,120.0,29820.0,24.016068071239083,100.0
bike(119),chargingStation(1),29700.0,120.0,29820.0,22.81587510983059,100.0
bike(13),chargingStation(0),29760.0,120.0,29880.0,24.374990365982683,100.0
bike(48),chargingStation(0),29760.0,120.0,29880.0,22.7491260044424,100.0
bike(51),chargingStation(1),29760.0,120.0,29880.0,23.79740134420191,100.0
bike(57),chargingStation(1),29760.0,120.0,29880.0,24.033647982704935,100.0
bike(102),chargingStation(0),29760.0,120.0,29880.0,21.99997978256746,100.0
bike(133),chargingStation(1),29760.0,120.0,29880.0,24.034001991209173,100.0
bike(79),chargingStation(1),29820.0,120.0,29940.0,23.899716730788764,100.0
bike(86),chargingStation(1),29820.0,120.0,29940.0,24.432890069138317,100.0
bike(27),chargingStation(0),29880.0,120.0,30000.0,21.597853678679428,100.0
bike(49),chargingStation(1),29880.0,120.0,30000.0,23.31371209701582,100.0
bike(71),chargingStation(1),29940.0,120.0,30060.0,23.221944665164234,100.0
bike(75),chargingStation(1),29940.0,120.0,30060.0,23.309134281194922,100.0
bike(33),chargingStation(1),30000.0,120.0,30120.0,23.745313836881774,100.0
bike(125),chargingStation(1),30000.0,120.0,30120.0,24.29717488555862,100.0
bike(20),chargingStation(1),30060.0,120.0,30180.0,23.703207074270875,100.0
bike(41),chargingStation(1),30060.0,120.0,30180.0,23.150081485059584,100.0
bike(67),chargingStation(1),30060.0,120.0,30180.0,23.55226778827212,100.0
bike(1),chargingStation(1),30120.0,120.0,30240.0,22.212307682452256,100.0
bike(14),chargingStation(1),30120.0,120.0,30240.0,23.993230033583192,100.0
bike(58),chargingStation(1),30120.0,120.0,30240.0,23.855386086833562,100.0
bike(76),chargingStation(1),30120.0,120.0,30240.0,23.65863797554402,100.0
bike(81),chargingStation(1),30120.0,120.0,30240.0,23.733274807825687,100.0
bike(98),chargingStation(1),30120.0,120.0,30240.0,24.123593069290568,100.0
bike(0),chargingStation(0),30180.0,120.0,30300.0,22.645858032735113,100.0
bike(47),chargingStation(1),30180.0,120.0,30300.0,22.79264442564769,100.0
bike(50),chargingStation(1),30180.0,120.0,30300.0,22.556319331237855,100.0
bike(38),chargingStation(1),30240.0,120.0,30360.0,22.46088285608009,100.0
bike(103),chargingStation(0),30240.0,120.0,30360.0,23.429825294858833,100.0
bike(111),chargingStation(0),30240.0,120.0,30360.0,22.900357322319547,100.0
bike(9),chargingStation(1),30300.0,120.0,30420.0,22.916679256580288,100.0
bike(2),chargingStation(0),30360.0,120.0,30480.0,23.659656319777707,100.0
bike(40),chargingStation(0),30420.0,120.0,30540.0,23.901445920955542,100.0
bike(127),chargingStation(1),30420.0,120.0,30540.0,23.110010956851234,100.0
bike(85),chargingStation(1),30480.0,120.0,30600.0,22.67112357073614,100.0
bike(129),chargingStation(1),30480.0,120.0,30600.0,23.04078462506918,100.0
bike(37),chargingStation(0),30540.0,120.0,30660.0,23.541086459171368,100.0
bike(39),chargingStation(1),30540.0,120.0,30660.0,23.390149762812232,100.0
bike(54),chargingStation(0),30600.0,120.0,30720.0,23.158542626333922,100.0
bike(44),chargingStation(1),30720.0,120.0,30840.0,23.222681355615766,100.0
bike(101),chargingStation(1),30720.0,120.0,30840.0,22.497236609906416,100.0
bike(72),chargingStation(0),30960.0,120.0,31080.0,23.05068973420251,100.0
bike(115),chargingStation(1),31020.0,120.0,31140.0,23.443406016646414,100.0
bike(123),chargingStation(0),31260.0,120.0,31380.0,23.83551833016541,100.0
bike(62),chargingStation(0),31320.0,120.0,31440.0,23.266825985443816,100.0
bike(6),chargingStation(0),31740.0,120.0,31860.0,24.757615062278273,100.0
bike(45),chargingStation(0),31800.0,120.0,31920.0,23.40835317133092,100.0
bike(4),chargingStation(0),31920.0,120.0,32040.0,23.94294670912565,100.0
bike(120),chargingStation(0),31920.0,120.0,32040.0,24.06249425713004,100.0
bike(25),chargingStation(0),32040.0,120.0,32160.0,23.256472323321926,100.0
bike(31),chargingStation(0),32040.0,120.0,32160.0,23.086385337065558,100.0
bike(134),chargingStation(1),32040.0,120.0,32160.0,22.022509063573207,100.0
bike(109),chargingStation(0),32100.0,120.0,32220.0,24.207521576372223,100.0
bike(29),chargingStation(0),32340.0,120.0,32460.0,24.118061780346505,100.0
bike(52),chargingStation(0),32460.0,120.0,32580.0,24.02306299312388,100.0
bike(131),chargingStation(0),32520.0,120.0,32640.0,22.26284861705608,100.0
bike(93),chargingStation(1),32580.0,120.0,32700.0,21.863876470920484,100.0
bike(35),chargingStation(0),32760.0,120.0,32880.0,23.770897063382726,100.0
bike(28),chargingStation(1),32820.0,120.0,32940.0,22.475540952977717,100.0
bike(12),chargingStation(1),33000.0,120.0,33120.0,22.702240236033454,100.0
bike(53),chargingStation(1),33000.0,120.0,33120.0,22.92984664610897,100.0
bike(91),chargingStation(0),39780.0,120.0,39900.0,24.53568103862147,100.0
bike(99),chargingStation(1),39780.0,120.0,39900.0,23.686361271250718,100.0
bike(13),chargingStation(0),39960.0,120.0,40080.0,22.165659578641474,100.0
bike(62),chargingStation(0),39960.0,120.0,40080.0,24.422024974719957,100.0
bike(5),chargingStation(1),40080.0,120.0,40200.0,23.60356012327182,100.0
bike(63),chargingStation(0),40200.0,120.0,40320.0,24.182387036810272,100.0
bike(45),chargingStation(0),40260.0,120.0,40380.0,23.440696918408115,100.0
bike(89),chargingStation(0),40260.0,120.0,40380.0,23.720501561985145,100.0
bike(64),chargingStation(0),40380.0,120.0,40500.0,24.119776013231,100.0
bike(6),chargingStation(0),40440.0,120.0,40560.0,24.511963822581905,100.0
bike(37),chargingStation(1),40500.0,120.0,40620.0,23.28443037160338,100.0
bike(114),chargingStation(1),40500.0,120.0,40620.0,23.49257134692713,100.0
bike(69),chargingStation(1),40620.0,120.0,40740.0,23.9379939434825,100.0
bike(110),chargingStation(1),40860.0,120.0,40980.0,22.442506515204023,100.0
bike(10),chargingStation(0),41100.0,120.0,41220.0,24.100702387803583,100.0
bike(42),chargingStation(0),41220.0,120.0,41340.0,22.114415439085466,100.0
bike(66),chargingStation(0),41400.0,120.0,41520.0,23.957264743028507,100.0
bike(126),chargingStation(0),41580.0,120.0,41700.0,23.91997895571318,100.0
bike(90),chargingStation(1),41640.0,120.0,41760.0,23.233856423082162,100.0
bike(121),chargingStation(0),41640.0,120.0,41760.0,22.437481756300766,100.0
bike(9),chargingStation(1),41760.0,120.0,41880.0,23.976626412217303,100.0
bike(65),chargingStation(1),41760.0,120.0,41880.0,24.582467834306847,100.0
bike(118),chargingStation(1),41760.0,120.0,41880.0,22.97839963400444,100.0
bike(47),chargingStation(1),41820.0,120.0,41940.0,23.98440507168721,100.0
bike(60),chargingStation(1),41820.0,120.0,41940.0,24.148670198172294,100.0
bike(3),chargingStation(0),41940.0,120.0,42060.0,23.408699552447466,100.0
bike(61),chargingStation(1),42060.0,120.0,42180.0,23.68598843131306,100.0
bike(129),chargingStation(1),42060.0,120.0,42180.0,24.167076217648894,100.0
bike(30),chargingStation(1),42180.0,120.0,42300.0,24.273697317422112,100.0
bike(19),chargingStation(1),42240.0,120.0,42360.0,23.99791752569143,100.0
bike(133),chargingStation(1),42240.0,120.0,42360.0,24.146106824529046,100.0
bike(76),chargingStation(0),42300.0,120.0,42420.0,22.28704055901658,100.0
bike(12),chargingStation(1),42360.0,120.0,42480.0,24.30737508982251,100.0
bike(34),chargingStation(1),42420.0,120.0,42540.0,23.39714637326465,100.0
bike(4),chargingStation(1),42480.0,120.0,42600.0,23.477039295333917,100.0
bike(71),chargingStation(1),42480.0,120.0,42600.0,23.549811750591463,100.0
bike(35),chargingStation(1),42660.0,120.0,42780.0,24.286956721262673,100.0
bike(0),chargingStation(1),42720.0,120.0,42840.0,22.75272914621901,100.0
bike(46),chargingStation(1),42720.0,120.0,42840.0,23.878606372731724,100.0
bike(106),chargingStation(0),42720.0,120.0,42840.0,23.05502367778438,100.0
bike(25),chargingStation(1),42900.0,120.0,43020.0,23.329458545896763,100.0
bike(85),chargingStation(1),42900.0,120.0,43020.0,23.470579646676693,100.0
bike(88),chargingStation(1),42960.0,120.0,43080.0,23.24421867451266,100.0
bike(108),chargingStation(0),42960.0,120.0,43080.0,23.03474428530206,100.0
bike(95),chargingStation(0),43020.0,120.0,43140.0,22.37958293616822,100.0
bike(94),chargingStation(0),43080.0,120.0,43200.0,22.37223775272847,100.0
bike(105),chargingStation(0),43080.0,120.0,43200.0,23.406037362720816,100.0
bike(41),chargingStation(1),43140.0,120.0,43260.0,22.45303429523682,100.0
bike(14),chargingStation(1),43200.0,120.0,43320.0,23.680049725566203,100.0
bike(109),chargingStation(1),43200.0,120.0,43320.0,23.826000807325816,100.0
bike(40),chargingStation(1),43320.0,120.0,43440.0,23.82966879594829,100.0
bike(134),chargingStation(0),43380.0,120.0,43500.0,22.33562017298311,100.0
bike(84),chargingStation(1),43560.0,120.0,43680.0,22.36878932675215,100.0
bike(104),chargingStation(0),43620.0,120.0,43740.0,22.612125042129694,100.0
bike(49),chargingStation(1),43740.0,120.0,43860.0,23.547927011667998,100.0
bike(43),chargingStation(1),44040.0,120.0,44160.0,23.232460757566695,100.0
bike(93),chargingStation(0),44220.0,120.0,44340.0,23.163891903718977,100.0
bike(88),chargingStation(1),52380.0,120.0,52500.0,24.302461263610013,100.0
bike(56),chargingStation(1),52980.0,120.0,53100.0,23.907976800223523,100.0
bike(17),chargingStation(1),53280.0,120.0,53400.0,24.148385051309308,100.0
bike(33),chargingStation(1),53460.0,120.0,53580.0,23.85625599562357,100.0
bike(65),chargingStation(1),53460.0,120.0,53580.0,24.037289532105067,100.0
bike(98),chargingStation(1),53640.0,120.0,53760.0,23.777324261984663,100.0
bike(28),chargingStation(1),53700.0,120.0,53820.0,23.551651000249336,100.0
bike(67),chargingStation(1),53700.0,120.0,53820.0,24.067826843771428,100.0
bike(118),chargingStation(0),53760.0,120.0,53880.0,24.64607061518676,100.0
bike(124),chargingStation(1),53760.0,120.0,53880.0,24.308938966457973,100.0
bike(129),chargingStation(1),53760.0,120.0,53880.0,23.20031481523676,100.0
bike(134),chargingStation(1),53940.0,120.0,54060.0,23.0770053412736,100.0
bike(13),chargingStation(1),54060.0,120.0,54180.0,24.17314412696222,100.0
bike(39),chargingStation(1),54240.0,120.0,54360.0,23.827006749691655,100.0
bike(6),chargingStation(1),54300.0,120.0,54420.0,23.525226126259398,100.0
bike(83),chargingStation(1),54360.0,120.0,54480.0,22.93999692607539,100.0
bike(23),chargingStation(1),54420.0,120.0,54540.0,23.886989551887083,100.0
bike(10),chargingStation(1),54540.0,120.0,54660.0,23.508634767048612,100.0
bike(59),chargingStation(0),54540.0,120.0,54660.0,24.51733071832564,100.0
bike(87),chargingStation(0),54540.0,120.0,54660.0,23.142088902288762,100.0
bike(131),chargingStation(1),54660.0,120.0,54780.0,23.548340397916384,100.0
bike(7),chargingStation(1),54900.0,120.0,55020.0,24.046558044419907,100.0
bike(113),chargingStation(0),54960.0,120.0,55080.0,24.24360051387995,100.0
bike(42),chargingStation(1),55020.0,120.0,55140.0,23.72554522544686,100.0
bike(84),chargingStation(1),55020.0,120.0,55140.0,23.801249681350555,100.0
bike(114),chargingStation(1),55020.0,120.0,55140.0,24.38503211557991,100.0
bike(14),chargingStation(1),55080.0,120.0,55200.0,23.507603753259833,100.0
bike(11),chargingStation(0),55200.0,120.0,55320.0,23.393656145270196,100.0
bike(24),chargingStation(1),55200.0,120.0,55320.0,22.598175261018973,100.0
bike(25),chargingStation(1),55200.0,120.0,55320.0,22.3407183611406,100.0
bike(51),chargingStation(1),55320.0,120.0,55440.0,23.344187930844324,100.0
bike(9),chargingStation(0),55380.0,120.0,55500.0,24.104215946547964,100.0
bike(47),chargingStation(0),55380.0,120.0,55500.0,23.858166255751197,100.0
bike(34),chargingStation(1),55440.0,120.0,55560.0,24.677815379883587,100.0
bike(55),chargingStation(1),55440.0,120.0,55560.0,23.321030933748478,100.0
bike(62),chargingStation(0),55440.0,120.0,55560.0,23.952434533954328,100.0
bike(89),chargingStation(0),55440.0,120.0,55560.0,24.427222028931226,100.0
bike(60),chargingStation(0),55500.0,120.0,55620.0,24.230232847049884,100.0
bike(101),chargingStation(0),55560.0,120.0,55680.0,24.014046036669747,100.0
bike(40),chargingStation(0),55680.0,120.0,55800.0,23.76661384701002,100.0
bike(57),chargingStation(0),55740.0,120.0,55860.0,24.19731131499962,100.0
bike(96),chargingStation(0),55740.0,120.0,55860.0,24.156580114097043,100.0
bike(3),chargingStation(1),55800.0,120.0,55920.0,24.23395729750109,100.0
bike(86),chargingStation(1),55800.0,120.0,55920.0,22.978296020067173,100.0
bike(68),chargingStation(1),55920.0,120.0,56040.0,24.31721422373591,100.0
bike(110),chargingStation(1),55980.0,120.0,56100.0,23.826093828014738,100.0
bike(105),chargingStation(1),56040.0,120.0,56160.0,23.715217897591515,100.0
bike(79),chargingStation(0),56160.0,120.0,56280.0,23.926923196801674,100.0
bike(126),chargingStation(0),56220.0,120.0,56340.0,23.644369717441645,100.0
bike(94),chargingStation(1),56280.0,120.0,56400.0,23.69833853361179,100.0
bike(44),chargingStation(0),56340.0,120.0,56460.0,24.10575930963507,100.0
bike(48),chargingStation(0),56340.0,120.0,56460.0,23.850451958205106,100.0
bike(54),chargingStation(0),56400.0,120.0,56520.0,24.37682032135183,100.0
bike(100),chargingStation(0),56400.0,120.0,56520.0,22.260926759818663,100.0
bike(63),chargingStation(1),56460.0,120.0,56580.0,23.011195543075285,100.0
bike(22),chargingStation(1),56520.0,120.0,56640.0,23.404687874084885,100.0
bike(0),chargingStation(1),56640.0,120.0,56760.0,23.818907439438277,100.0
bike(36),chargingStation(0),56700.0,120.0,56820.0,23.152156707782602,100.0
bike(120),chargingStation(0),56700.0,120.0,56820.0,23.189807243112902,100.0
bike(69),chargingStation(0),57120.0,120.0,57240.0,23.93026713958571,100.0
bike(76),chargingStation(0),57180.0,120.0,57300.0,23.011871648032947,100.0
bike(85),chargingStation(0),57300.0,120.0,57420.0,22.863178255238033,100.0
bike(106),chargingStation(1),57780.0,120.0,57900.0,23.651405803222683,100.0
bike(49),chargingStation(0),58080.0,120.0,58200.0,22.229889683773692,100.0
bike(109),chargingStation(0),58200.0,120.0,58320.0,23.30813951639497,100.0
bike(117),chargingStation(0),58200.0,120.0,58320.0,24.074215298084052,100.0
bike(103),chargingStation(0),58320.0,120.0,58440.0,22.11335240054938,100.0
bike(104),chargingStation(0),58440.0,120.0,58560.0,22.13190973615428,100.0
bike(92),chargingStation(0),58560.0,120.0,58680.0,22.53942408420708,100.0
bike(2),chargingStation(0),58800.0,120.0,58920.0,21.02633555599323,100.0
bike(121),chargingStation(0),59280.0,120.0,59400.0,22.959274380465004,100.0
bike(115),chargingStation(0),59520.0,120.0,59640.0,21.679620583275835,100.0
bike(118),chargingStation(0),60420.0,120.0,60540.0,23.275369972750877,100.0
bike(107),chargingStation(0),63120.0,120.0,63240.0,22.220271871251388,100.0
bike(41),chargingStation(1),63840.0,120.0,63960.0,24.07513372397684,100.0
bike(129),chargingStation(1),64080.0,120.0,64200.0,23.944946275777497,100.0
bike(123),chargingStation(1),64140.0,120.0,64260.0,24.078943618467637,100.0
bike(7),chargingStation(1),64200.0,120.0,64320.0,23.693155080633996,100.0
bike(73),chargingStation(1),64200.0,120.0,64320.0,23.99612825043193,100.0
bike(34),chargingStation(1),64260.0,120.0,64380.0,23.93478999699455,100.0
bike(68),chargingStation(1),64320.0,120.0,64440.0,23.988306507483,100.0
bike(11),chargingStation(1),64680.0,120.0,64800.0,23.888991399693566,100.0
bike(124),chargingStation(1),64680.0,120.0,64800.0,23.587118815140236,100.0
bike(6),chargingStation(1),64920.0,120.0,65040.0,23.787511150095096,100.0
bike(14),chargingStation(1),64920.0,120.0,65040.0,23.66504503473302,100.0
bike(25),chargingStation(0),64980.0,120.0,65100.0,22.15564696190178,100.0
bike(78),chargingStation(1),65100.0,120.0,65220.0,23.75324510456018,100.0
bike(23),chargingStation(1),65160.0,120.0,65280.0,23.04166899525174,100.0
bike(105),chargingStation(1),65220.0,120.0,65340.0,23.459835619657106,100.0
bike(46),chargingStation(1),65280.0,120.0,65400.0,23.85559024091576,100.0
bike(24),chargingStation(1),65340.0,120.0,65460.0,23.198814029873336,100.0
bike(27),chargingStation(1),65340.0,120.0,65460.0,23.335716648790193,100.0
bike(119),chargingStation(1),65520.0,120.0,65640.0,23.935826446229765,100.0
bike(4),chargingStation(1),65760.0,120.0,65880.0,23.641642621560187,100.0
bike(19),chargingStation(1),65760.0,120.0,65880.0,23.809457121748498,100.0
bike(22),chargingStation(1),65760.0,120.0,65880.0,23.947068734231653,100.0
bike(75),chargingStation(0),65760.0,120.0,65880.0,24.2630258480813,100.0
bike(96),chargingStation(1),65760.0,120.0,65880.0,23.91459849506973,100.0
bike(133),chargingStation(1),65760.0,120.0,65880.0,23.86004761947206,100.0
bike(56),chargingStation(1),65820.0,120.0,65940.0,23.124010385762595,100.0
bike(79),chargingStation(1),65820.0,120.0,65940.0,23.64794927375277,100.0
bike(3),chargingStation(1),65880.0,120.0,66000.0,23.87392705755734,100.0
bike(28),chargingStation(1),66000.0,120.0,66120.0,23.775496274691235,100.0
bike(63),chargingStation(1),66000.0,120.0,66120.0,24.171754284804926,100.0
bike(21),chargingStation(1),66120.0,120.0,66240.0,24.00114739772236,100.0
bike(16),chargingStation(1),66180.0,120.0,66300.0,23.844907262640017,100.0
bike(37),chargingStation(1),66180.0,120.0,66300.0,22.895543333064552,100.0
bike(62),chargingStation(1),66300.0,120.0,66420.0,23.482697334223705,100.0
bike(128),chargingStation(1),66360.0,120.0,66480.0,24.084165024836686,100.0
bike(130),chargingStation(1),66360.0,120.0,66480.0,22.960416758642076,100.0
bike(74),chargingStation(0),66420.0,120.0,66540.0,22.999220108014732,100.0
bike(125),chargingStation(1),66540.0,120.0,66660.0,22.197718168987507,100.0
bike(39),chargingStation(1),66600.0,120.0,66720.0,22.037343798622473,100.0
bike(83),chargingStation(0),66600.0,120.0,66720.0,24.006551662845972,100.0
bike(90),chargingStation(0),66660.0,120.0,66780.0,23.983384088796768,100.0
bike(122),chargingStation(1),66660.0,120.0,66780.0,23.375364053196172,100.0
bike(48),chargingStation(1),66720.0,120.0,66840.0,23.782760763721956,100.0
bike(10),chargingStation(1),66780.0,120.0,66900.0,24.055520153647944,100.0
bike(86),chargingStation(0),66780.0,120.0,66900.0,23.46715003788739,100.0
bike(87),chargingStation(0),66780.0,120.0,66900.0,21.990871928685323,100.0
bike(134),chargingStation(1),66780.0,120.0,66900.0,23.014631899515617,100.0
bike(114),chargingStation(1),66840.0,120.0,66960.0,22.74006823942234,100.0
bike(43),chargingStation(1),66900.0,120.0,67020.0,23.7067512456415,100.0
bike(9),chargingStation(1),66960.0,120.0,67080.0,22.636064563527455,100.0
bike(42),chargingStation(0),67020.0,120.0,67140.0,24.270455182723715,100.0
bike(51),chargingStation(1),67020.0,120.0,67140.0,23.737900913352846,100.0
bike(121),chargingStation(1),67020.0,120.0,67140.0,22.784875216215507,100.0
bike(95),chargingStation(1),67080.0,120.0,67200.0,23.06742839475965,100.0
bike(109),chargingStation(0),67140.0,120.0,67260.0,24.47761661341389,100.0
bike(12),chargingStation(0),67380.0,120.0,67500.0,23.48094247957981,100.0
bike(92),chargingStation(0),67380.0,120.0,67500.0,23.972582667297495,100.0
bike(93),chargingStation(0),67440.0,120.0,67560.0,22.74807751548195,100.0
bike(30),chargingStation(1),67620.0,120.0,67740.0,22.828678790145016,100.0
bike(101),chargingStation(0),67680.0,120.0,67800.0,24.17487567275819,100.0
bike(72),chargingStation(0),67860.0,120.0,67980.0,23.7223061968347,100.0
bike(77),chargingStation(0),67920.0,120.0,68040.0,23.80116165478566,100.0
bike(108),chargingStation(0),67920.0,120.0,68040.0,23.657220978581694,100.0
bike(29),chargingStation(0),68160.0,120.0,68280.0,23.932721550895074,100.0
bike(45),chargingStation(1),68280.0,120.0,68400.0,22.286462081581107,100.0
bike(132),chargingStation(0),68340.0,120.0,68460.0,21.328218945374523,100.0
bike(97),chargingStation(0),68520.0,120.0,68640.0,23.047980198463776,100.0
bike(76),chargingStation(0),68580.0,120.0,68700.0,23.66336329007036,100.0
bike(52),chargingStation(0),68640.0,120.0,68760.0,23.0251074071327,100.0
bike(55),chargingStation(0),68640.0,120.0,68760.0,21.37682189449822,100.0
bike(35),chargingStation(1),68940.0,120.0,69060.0,23.095801468258287,100.0
bike(59),chargingStation(1),69180.0,120.0,69300.0,23.152055373809404,100.0
bike(84),chargingStation(0),69180.0,120.0,69300.0,24.240324909964126,100.0
bike(99),chargingStation(0),69240.0,120.0,69360.0,22.849220230742198,100.0
bike(119),chargingStation(1),74940.0,120.0,75060.0,24.382941792374105,100.0
bike(114),chargingStation(1),75180.0,120.0,75300.0,24.506512140891108,100.0
bike(91),chargingStation(1),75240.0,120.0,75360.0,24.643111338447675,100.0
bike(48),chargingStation(0),75540.0,120.0,75660.0,23.574594346923483,100.0
bike(100),chargingStation(1),75540.0,120.0,75660.0,24.170353312219454,100.0
bike(127),chargingStation(1),75660.0,120.0,75780.0,23.993421678297715,100.0
bike(58),chargingStation(1),75840.0,120.0,75960.0,23.858450578065643,100.0
bike(118),chargingStation(0),75900.0,120.0,76020.0,22.65406308228767,100.0
bike(73),chargingStation(1),75960.0,120.0,76080.0,23.46685736808755,100.0
bike(54),chargingStation(1),76380.0,120.0,76500.0,23.681909625936896,100.0
bike(77),chargingStation(0),76620.0,120.0,76740.0,23.27803846295183,100.0
bike(98),chargingStation(0),76680.0,120.0,76800.0,24.466818666445338,100.0
bike(113),chargingStation(0),76680.0,120.0,76800.0,24.08855732863429,100.0
bike(93),chargingStation(0),76740.0,120.0,76860.0,24.254375585681395,100.0
bike(36),chargingStation(1),76800.0,120.0,76920.0,23.470327746047232,100.0
bike(2),chargingStation(0),76980.0,120.0,77100.0,24.082534980533985,100.0
bike(62),chargingStation(0),76980.0,120.0,77100.0,23.911001937141133,100.0
bike(85),chargingStation(1),76980.0,120.0,77100.0,23.768074064912618,100.0
bike(88),chargingStation(1),76980.0,120.0,77100.0,23.796474657517834,100.0
bike(106),chargingStation(0),77040.0,120.0,77160.0,23.749375716682255,100.0
bike(29),chargingStation(1),77160.0,120.0,77280.0,23.788188309350385,100.0
bike(79),chargingStation(0),77160.0,120.0,77280.0,24.74968627628895,100.0
bike(13),chargingStation(1),77220.0,120.0,77340.0,22.87982815372557,100.0
bike(32),chargingStation(0),77220.0,120.0,77340.0,23.85519119308883,100.0
bike(53),chargingStation(1),77340.0,120.0,77460.0,22.91943944882385,100.0
bike(107),chargingStation(0),77400.0,120.0,77520.0,22.950512691772555,100.0
bike(110),chargingStation(1),77400.0,120.0,77520.0,23.09240938536254,100.0
bike(40),chargingStation(0),77460.0,120.0,77580.0,23.362040384489905,100.0
bike(82),chargingStation(0),77460.0,120.0,77580.0,23.580690649600093,100.0
bike(125),chargingStation(1),77460.0,120.0,77580.0,23.147872100278306,100.0
bike(9),chargingStation(0),77520.0,120.0,77640.0,24.185975992227423,100.0
bike(25),chargingStation(0),77520.0,120.0,77640.0,21.299387790479408,100.0
bike(83),chargingStation(0),77520.0,120.0,77640.0,23.9414736936553,100.0
bike(129),chargingStation(1),77520.0,120.0,77640.0,23.77264785650718,100.0
bike(16),chargingStation(1),77580.0,120.0,77700.0,22.688691260312282,100.0
bike(20),chargingStation(1),77580.0,120.0,77700.0,23.565910689183927,100.0
bike(38),chargingStation(0),77580.0,120.0,77700.0,23.1149899147947,100.0
bike(64),chargingStation(1),77580.0,120.0,77700.0,23.633546628896845,100.0
bike(96),chargingStation(0),77580.0,120.0,77700.0,24.0075838102456,100.0
bike(115),chargingStation(0),77580.0,120.0,77700.0,22.702853176085874,100.0
bike(43),chargingStation(1),77640.0,120.0,77760.0,23.564530170074168,100.0
bike(134),chargingStation(1),77700.0,120.0,77820.0,23.119788621116346,100.0
bike(92),chargingStation(0),77760.0,120.0,77880.0,23.957621534274484,100.0
bike(47),chargingStation(0),77820.0,120.0,77940.0,23.51768596608554,100.0
bike(104),chargingStation(0),77820.0,120.0,77940.0,23.480701446146654,100.0
bike(6),chargingStation(1),77880.0,120.0,78000.0,22.67691097885336,100.0
bike(49),chargingStation(1),77880.0,120.0,78000.0,23.867255476498713,100.0
bike(97),chargingStation(0),77940.0,120.0,78060.0,23.754521042223423,100.0
bike(61),chargingStation(0),78060.0,120.0,78180.0,23.3826844387511,100.0
bike(72),chargingStation(1),78120.0,120.0,78240.0,23.087869678537754,100.0
bike(103),chargingStation(1),78120.0,120.0,78240.0,23.31693017404645,100.0
bike(15),chargingStation(0),78180.0,120.0,78300.0,24.0170964924179,100.0
bike(30),chargingStation(1),78180.0,120.0,78300.0,23.313252194919972,100.0
bike(87),chargingStation(0),78180.0,120.0,78300.0,23.502933626675986,100.0
bike(90),chargingStation(1),78180.0,120.0,78300.0,22.236932618188817,100.0
bike(17),chargingStation(1),78240.0,120.0,78360.0,22.2054706049943,100.0
bike(23),chargingStation(1),78240.0,120.0,78360.0,23.922998709937826,100.0
bike(121),chargingStation(0),78360.0,120.0,78480.0,23.600966212926437,100.0
bike(130),chargingStation(1),78480.0,120.0,78600.0,22.133115270384028,100.0
bike(66),chargingStation(1),78540.0,120.0,78660.0,22.922923042714853,100.0
bike(8),chargingStation(1),78660.0,120.0,78780.0,21.983898697860326,100.0
bike(0),chargingStation(1),78720.0,120.0,78840.0,22.3690437039429,100.0
bike(39),chargingStation(1),78720.0,120.0,78840.0,23.58130358012944,100.0
bike(101),chargingStation(0),78720.0,120.0,78840.0,22.508018304858286,100.0
bike(3),chargingStation(1),78780.0,120.0,78900.0,23.8104288569631,100.0
bike(94),chargingStation(0),78900.0,120.0,79020.0,23.636775788470818,100.0
bike(60),chargingStation(0),79020.0,120.0,79140.0,23.86742165451708,100.0
bike(52),chargingStation(0),79080.0,120.0,79200.0,23.133942427887106,100.0
bike(105),chargingStation(0),79080.0,120.0,79200.0,22.934448773043528,100.0
bike(37),chargingStation(1),79140.0,120.0,79260.0,24.065156548173785,100.0
bike(95),chargingStation(0),79440.0,120.0,79560.0,23.499580496776915,100.0
bike(64),chargingStation(1),87660.0,120.0,87780.0,23.3610286371096,100.0
bike(4),chargingStation(1),87720.0,120.0,87840.0,23.70256748670406,100.0
bike(46),chargingStation(1),89040.0,120.0,89160.0,22.950013549824018,100.0
bike(120),chargingStation(1),89040.0,120.0,89160.0,24.02322325507574,100.0
bike(122),chargingStation(1),89040.0,120.0,89160.0,23.4321193998908,100.0
bike(8),chargingStation(1),89100.0,120.0,89220.0,23.76978532002009,100.0
bike(130),chargingStation(1),89220.0,120.0,89340.0,24.024616636700586,100.0
bike(36),chargingStation(1),89280.0,120.0,89400.0,22.5636290886959,100.0
bike(114),chargingStation(0),89340.0,120.0,89460.0,21.566771939720756,100.0
bike(14),chargingStation(0),89460.0,120.0,89580.0,24.800603666827286,100.0
bike(66),chargingStation(1),89460.0,120.0,89580.0,21.93133169737204,100.0
bike(34),chargingStation(1),89520.0,120.0,89640.0,24.035979720908617,100.0
bike(53),chargingStation(1),89520.0,120.0,89640.0,24.368155387174767,100.0
bike(13),chargingStation(0),89760.0,120.0,89880.0,24.096542842035536,100.0
bike(61),chargingStation(1),89760.0,120.0,89880.0,23.85292284367151,100.0
bike(107),chargingStation(1),89760.0,120.0,89880.0,24.13276122615352,100.0
bike(116),chargingStation(1),89760.0,120.0,89880.0,23.705218200144845,100.0
bike(23),chargingStation(1),89820.0,120.0,89940.0,24.160746743315855,100.0
bike(76),chargingStation(0),89940.0,120.0,90060.0,23.3925715013761,100.0
bike(134),chargingStation(1),89940.0,120.0,90060.0,23.985485897560707,100.0
bike(19),chargingStation(1),90000.0,120.0,90120.0,23.406417302932745,100.0
bike(39),chargingStation(1),90000.0,120.0,90120.0,23.927070626309387,100.0
bike(2),chargingStation(1),90060.0,120.0,90180.0,23.752171112789497,100.0
bike(28),chargingStation(1),90120.0,120.0,90240.0,24.125261418727597,100.0
bike(87),chargingStation(0),90180.0,120.0,90300.0,23.50245983980108,100.0
bike(65),chargingStation(1),90240.0,120.0,90360.0,22.587353726372136,100.0
bike(22),chargingStation(1),90300.0,120.0,90420.0,23.3990289532604,100.0
bike(60),chargingStation(1),90300.0,120.0,90420.0,23.652700787083006,100.0
bike(132),chargingStation(1),90420.0,120.0,90540.0,23.337626072484667,100.0
bike(35),chargingStation(1),90840.0,120.0,90960.0,23.674962126383665,100.0
bike(85),chargingStation(1),91020.0,120.0,91140.0,23.80593590408283,100.0
bike(44),chargingStation(1),91080.0,120.0,91200.0,23.192890581337757,100.0
bike(25),chargingStation(0),91140.0,120.0,91260.0,23.335828300248206,100.0
bike(48),chargingStation(1),91200.0,120.0,91320.0,23.411266226067855,100.0
bike(104),chargingStation(1),91260.0,120.0,91380.0,23.94093254387659,100.0
bike(33),chargingStation(1),91320.0,120.0,91440.0,23.47292315590177,100.0
bike(41),chargingStation(0),91320.0,120.0,91440.0,23.28658594542043,100.0
bike(73),chargingStation(1),91380.0,120.0,91500.0,22.535143336092816,100.0
bike(77),chargingStation(1),91380.0,120.0,91500.0,23.793494736232294,100.0
bike(128),chargingStation(1),91380.0,120.0,91500.0,23.862676084967752,100.0
bike(90),chargingStation(1),91440.0,120.0,91560.0,24.215155144769515,100.0
bike(125),chargingStation(1),91620.0,120.0,91740.0,22.841562001137913,100.0
bike(129),chargingStation(1),91620.0,120.0,91740.0,23.10981017103045,100.0
bike(45),chargingStation(0),91680.0,120.0,91800.0,24.337790720376333,100.0
bike(93),chargingStation(0),91680.0,120.0,91800.0,23.12580071906028,100.0
bike(1),chargingStation(0),91740.0,120.0,91860.0,23.32762522547773,100.0
bike(32),chargingStation(0),91740.0,120.0,91860.0,23.392871752589613,100.0
bike(96),chargingStation(0),91740.0,120.0,91860.0,23.68461600183444,100.0
bike(6),chargingStation(1),91800.0,120.0,91920.0,23.190434422626677,100.0
bike(97),chargingStation(1),91800.0,120.0,91920.0,23.50312632766676,100.0
bike(55),chargingStation(1),91920.0,120.0,92040.0,24.224844667787153,100.0
bike(30),chargingStation(1),92160.0,120.0,92280.0,23.37018649799297,100.0
bike(49),chargingStation(1),92280.0,120.0,92400.0,21.859681050543717,100.0
bike(98),chargingStation(0),92400.0,120.0,92520.0,24.389510412377597,100.0
bike(10),chargingStation(0),92460.0,120.0,92580.0,24.75651905561913,100.0
bike(7),chargingStation(1),92640.0,120.0,92760.0,23.101214314221643,100.0
bike(111),chargingStation(0),93000.0,120.0,93120.0,22.8443676424609,100.0
bike(63),chargingStation(0),93480.0,120.0,93600.0,24.395208475742123,100.0
bike(126),chargingStation(0),93540.0,120.0,93660.0,24.052739724135854,100.0
bike(122),chargingStation(1),99000.0,120.0,99120.0,24.046632385829607,100.0
bike(133),chargingStation(0),99060.0,120.0,99180.0,24.37004763062058,100.0
bike(101),chargingStation(1),99480.0,120.0,99600.0,23.912092733695296,100.0
bike(134),chargingStation(0),99540.0,120.0,99660.0,23.88509679311156,100.0
bike(34),chargingStation(0),99600.0,120.0,99720.0,23.712475749360305,100.0
bike(112),chargingStation(1),99660.0,120.0,99780.0,23.584348209823744,100.0
bike(88),chargingStation(1),99720.0,120.0,99840.0,23.246799777721368,100.0
bike(9),chargingStation(1),100320.0,120.0,100440.0,23.664902877577493,100.0
bike(76),chargingStation(1),100320.0,120.0,100440.0,22.877982456191013,100.0
bike(108),chargingStation(0),100320.0,120.0,100440.0,24.35795373396898,100.0
bike(119),chargingStation(1),100380.0,120.0,100500.0,23.832811288954247,100.0
bike(93),chargingStation(1),100440.0,120.0,100560.0,24.370284161135654,100.0
bike(75),chargingStation(1),100500.0,120.0,100620.0,24.32609357069025,100.0
bike(6),chargingStation(0),100560.0,120.0,100680.0,22.98580870669637,100.0
bike(50),chargingStation(0),100560.0,120.0,100680.0,23.457825925249644,100.0
bike(68),chargingStation(0),100620.0,120.0,100740.0,23.785433809666966,100.0
bike(120),chargingStation(1),100620.0,120.0,100740.0,23.455309108461016,100.0
bike(73),chargingStation(1),100680.0,120.0,100800.0,24.122143544591214,100.0
bike(15),chargingStation(1),100740.0,120.0,100860.0,22.994682886421035,100.0
bike(77),chargingStation(1),100740.0,120.0,100860.0,23.785781790527654,100.0
bike(94),chargingStation(1),100740.0,120.0,100860.0,22.873058410104065,100.0
bike(0),chargingStation(1),100920.0,120.0,101040.0,23.530893727259375,100.0
bike(54),chargingStation(0),100920.0,120.0,101040.0,24.588502799157585,100.0
bike(46),chargingStation(1),100980.0,120.0,101100.0,22.922547249233123,100.0
bike(105),chargingStation(0),100980.0,120.0,101100.0,23.29382575227772,100.0
bike(10),chargingStation(1),101040.0,120.0,101160.0,23.599809091197834,100.0
bike(20),chargingStation(1),101040.0,120.0,101160.0,23.00596079715003,100.0
bike(66),chargingStation(1),101040.0,120.0,101160.0,23.404574440214425,100.0
bike(78),chargingStation(1),101040.0,120.0,101160.0,24.373928072012326,100.0
bike(30),chargingStation(1),101100.0,120.0,101220.0,23.82341343050507,100.0
bike(24),chargingStation(1),101220.0,120.0,101340.0,22.728324244977287,100.0
bike(45),chargingStation(0),101280.0,120.0,101400.0,23.617434657034764,100.0
bike(47),chargingStation(1),101280.0,120.0,101400.0,24.289534228488904,100.0
bike(14),chargingStation(1),101340.0,120.0,101460.0,22.211415755090602,100.0
bike(83),chargingStation(1),101340.0,120.0,101460.0,23.800844319380193,100.0
bike(19),chargingStation(0),101400.0,120.0,101520.0,24.08360599173564,100.0
bike(33),chargingStation(1),101400.0,120.0,101520.0,23.02184874688283,100.0
bike(62),chargingStation(0),101400.0,120.0,101520.0,24.09346034848449,100.0
bike(56),chargingStation(1),101520.0,120.0,101640.0,23.03644728550647,100.0
bike(61),chargingStation(1),101520.0,120.0,101640.0,23.36737233053733,100.0
bike(57),chargingStation(1),101580.0,120.0,101700.0,24.46440079899779,100.0
bike(114),chargingStation(0),101580.0,120.0,101700.0,23.987317945150703,100.0
bike(25),chargingStation(0),101640.0,120.0,101760.0,23.74060120088345,100.0
bike(71),chargingStation(1),101640.0,120.0,101760.0,23.68964710968885,100.0
bike(8),chargingStation(1),101700.0,120.0,101820.0,24.158862025195624,100.0
bike(18),chargingStation(1),101700.0,120.0,101820.0,23.658722648548917,100.0
bike(48),chargingStation(1),101700.0,120.0,101820.0,24.068067744814105,100.0
bike(85),chargingStation(1),101700.0,120.0,101820.0,24.39777514962064,100.0
bike(16),chargingStation(1),101820.0,120.0,101940.0,23.164062922419458,100.0
bike(38),chargingStation(1),101940.0,120.0,102060.0,23.468856567566043,100.0
bike(65),chargingStation(0),101940.0,120.0,102060.0,23.497931555095196,100.0
bike(51),chargingStation(0),102000.0,120.0,102120.0,24.234357768243456,100.0
bike(109),chargingStation(0),102000.0,120.0,102120.0,21.73348804493212,100.0
bike(64),chargingStation(0),102060.0,120.0,102180.0,22.473123373862517,100.0
bike(130),chargingStation(1),102060.0,120.0,102180.0,24.056306064274352,100.0
bike(44),chargingStation(1),102120.0,120.0,102240.0,22.91995794357021,100.0
bike(84),chargingStation(0),102120.0,120.0,102240.0,24.332504475825584,100.0
bike(129),chargingStation(0),102180.0,120.0,102300.0,23.203021826452794,100.0
bike(12),chargingStation(1),102240.0,120.0,102360.0,24.00507749092956,100.0
bike(13),chargingStation(0),102240.0,120.0,102360.0,24.17838503968041,100.0
bike(89),chargingStation(1),102240.0,120.0,102360.0,23.973964692356077,100.0
bike(104),chargingStation(0),102240.0,120.0,102360.0,23.49145375159623,100.0
bike(121),chargingStation(1),102240.0,120.0,102360.0,23.891273195964597,100.0
bike(1),chargingStation(0),102300.0,120.0,102420.0,21.56993695595722,100.0
bike(107),chargingStation(0),102360.0,120.0,102480.0,24.215539529038978,100.0
bike(113),chargingStation(1),102360.0,120.0,102480.0,22.06287322000548,100.0
bike(117),chargingStation(1),102360.0,120.0,102480.0,23.62962326045514,100.0
bike(4),chargingStation(1),102420.0,120.0,102540.0,23.221686077512675,100.0
bike(49),chargingStation(1),102420.0,120.0,102540.0,22.986486758297005,100.0
bike(23),chargingStation(0),102480.0,120.0,102600.0,23.25399711614864,100.0
bike(36),chargingStation(1),102600.0,120.0,102720.0,23.5430089246352,100.0
bike(81),chargingStation(0),102660.0,120.0,102780.0,23.490680469577303,100.0
bike(118),chargingStation(1),102660.0,120.0,102780.0,23.11773527122029,100.0
bike(106),chargingStation(1),102780.0,120.0,102900.0,22.3722340970042,100.0
bike(91),chargingStation(0),102840.0,120.0,102960.0,24.08311760552966,100.0
bike(90),chargingStation(1),103080.0,120.0,103200.0,23.15430797461416,100.0
bike(99),chargingStation(1),103440.0,120.0,103560.0,22.861925963201465,100.0
bike(22),chargingStation(1),103500.0,120.0,103620.0,22.602064391827437,100.0
bike(21),chargingStation(1),103620.0,120.0,103740.0,23.01599456587478,100.0
bike(102),chargingStation(0),104040.0,120.0,104160.0,24.40015443553397,100.0
bike[15],chargingStation[1],37800.0,120.0,37920.0,24.302762636637432,100.0
bike[9],chargingStation[0],84540.0,120.0,84660.0,23.175695550716007,100.0
bike[9],chargingStation[0],98220.0,120.0,98340.0,24.104697071023736,100.0
bike[9],chargingStation[1],113640.0,120.0,113760.0,23.307546180878532,100.0
bike[10],chargingStation[0],22920.0,120.0,23040.0,24.589159027850442,100.0
bike[9],chargingStation[0],36540.0,120.0,36660.0,23.81879053902506,100.0
bike[2],chargingStation[0],12180.0,120.0,12300.0,23.978130247992414,100.0
bike[8],chargingStation[0],12240.0,120.0,12360.0,23.870540480649318,100.0
bike[18],chargingStation[1],12720.0,120.0,12840.0,23.513897841538718,100.0
bike[10],chargingStation[1],13140.0,120.0,13260.0,22.593623538218605,100.0
bike[0],chargingStation[0],13200.0,120.0,13320.0,23.183776123519156,100.0
bike[7],chargingStation[1],13260.0,120.0,13380.0,23.600631863272618,100.0
bike[13],chargingStation[0],13800.0,120.0,13920.0,21.78669353110711,100.0
bike[11],chargingStation[1],13920.0,120.0,14040.0,24.220330305911773,100.0
bike[3],chargingStation[1],14160.0,120.0,14280.0,24.153215348037616,100.0
bike[14],chargingStation[1],14580.0,120.0,14700.0,22.6636788306839,100.0
bike[15],chargingStation[0],14820.0,120.0,14940.0,22.561550419767105,100.0
bike[16],chargingStation[1],14940.0,120.0,15060.0,22.914877118624847,100.0
bike[19],chargingStation[0],15180.0,120.0,15300.0,22.97426988292007,100.0
bike[9],chargingStation[1],15360.0,120.0,15480.0,23.57260250116197,100.0
bike[13],chargingStation[0],25140.0,120.0,25260.0,24.15349364708116,100.0
bike[19],chargingStation[0],26820.0,120.0,26940.0,23.894744956554504,100.0
bike[18],chargingStation[1],29280.0,120.0,29400.0,23.747906549574964,100.0
bike[15],chargingStation[0],29400.0,120.0,29520.0,21.53536379049225,100.0
bike[16],chargingStation[0],30540.0,120.0,30660.0,21.33817658610511,100.0
bike[7],chargingStation[1],30780.0,120.0,30900.0,23.61723448264677,100.0
bike[14],chargingStation[0],31260.0,120.0,31380.0,22.95998808583376,100.0
bike[10],chargingStation[1],31320.0,120.0,31440.0,22.128112995620462,100.0
bike[18],chargingStation[0],11460.0,120.0,11580.0,24.23242324555246,100.0
bike[14],chargingStation[1],12360.0,120.0,12480.0,22.446134243203588,100.0
bike[17],chargingStation[1],12600.0,120.0,12720.0,23.89598130019453,100.0
bike[12],chargingStation[0],12900.0,120.0,13020.0,24.247917307253243,100.0
bike[10],chargingStation[0],12960.0,120.0,13080.0,24.131337918214616,100.0
bike[19],chargingStation[1],12960.0,120.0,13080.0,23.831534905155152,100.0
bike[0],chargingStation[1],13080.0,120.0,13200.0,23.210364040173445,100.0
bike[4],chargingStation[0],13380.0,120.0,13500.0,24.202909821656412,100.0
bike[9],chargingStation[1],14040.0,120.0,14160.0,22.897082801902766,100.0
bike[15],chargingStation[0],14040.0,120.0,14160.0,23.77340463586,100.0
bike[8],chargingStation[1],14940.0,120.0,15060.0,23.47797007977587,100.0
bike[5],chargingStation[1],15060.0,120.0,15180.0,23.30944673515809,100.0
bike[13],chargingStation[0],15120.0,120.0,15240.0,23.414453088338895,100.0
bike[6],chargingStation[0],15420.0,120.0,15540.0,23.103881440391923,100.0
bike[14],chargingStation[0],11760.0,120.0,11880.0,24.133481846045207,100.0
bike[4],chargingStation[0],12060.0,120.0,12180.0,22.64248896487635,100.0
bike[2],chargingStation[0],12120.0,120.0,12240.0,23.422060071019974,100.0
bike[12],chargingStation[1],12960.0,120.0,13080.0,23.665094512362288,100.0
bike[6],chargingStation[0],13380.0,120.0,13500.0,22.032482001081394,100.0
bike[19],chargingStation[1],13380.0,120.0,13500.0,23.699075627408362,100.0
bike[8],chargingStation[1],14460.0,120.0,14580.0,22.871867617038202,100.0
bike[3],chargingStation[0],14640.0,120.0,14760.0,24.253181952785024,100.0
bike[16],chargingStation[1],15300.0,120.0,15420.0,23.833221215555437,100.0
bike[11],chargingStation[1],15540.0,120.0,15660.0,23.1854016317485,100.0
bike[13],chargingStation[0],15900.0,120.0,16020.0,23.242395122375907,100.0
bike[10],chargingStation[1],16080.0,120.0,16200.0,22.84954591414358,100.0
bike[12],chargingStation[1],21720.0,120.0,21840.0,22.97139925751017,100.0
bike[0],chargingStation[1],10860.0,60.0,10920.0,23.183631384646084,100.0
bike[3],chargingStation[1],13200.0,60.0,13260.0,24.03736109379302,100.0
bike[2],chargingStation[0],13560.0,60.0,13620.0,24.046036989369853,100.0
bike[1],chargingStation[1],14400.0,60.0,14460.0,23.225392002489716,100.0
bike[0],chargingStation[1],14580.0,60.0,14640.0,26.74907006515132,100.0
bike[4],chargingStation[1],15060.0,60.0,15120.0,23.327827238724787,100.0
bike[3],chargingStation[1],12180.0,60.0,12240.0,23.604002420809994,100.0
bike[4],chargingStation[0],13680.0,60.0,13740.0,23.26346281773783,100.0
bike[2],chargingStation[0],13800.0,60.0,13860.0,23.10889687521378,100.0
bike[0],chargingStation[0],14220.0,60.0,14280.0,24.14519444294532,100.0
bike[1],chargingStation[1],20760.0,60.0,20820.0,23.32839959759821,100.0
bike[3],chargingStation[0],20820.0,60.0,20880.0,23.04512971448626,100.0
bike[2],chargingStation[1],29340.0,60.0,29400.0,27.61003512226427,100.0
bike[4],chargingStation[0],29640.0,60.0,29700.0,21.589414925264254,100.0
bike[0],chargingStation[1],29820.0,60.0,29880.0,23.746032777866173,100.0
bike[1],chargingStation[1],11760.0,60.0,11820.0,23.748284706939856,100.0
bike[2],chargingStation[0],12600.0,60.0,12660.0,23.15492527843325,100.0
bike[0],chargingStation[0],13380.0,60.0,13440.0,26.973130109049002,100.0
bike[4],chargingStation[1],13500.0,60.0,13560.0,22.922711372963374,100.0
bike[3],chargingStation[1],15000.0,60.0,15060.0,27.04086553699483,100.0
bike[0],chargingStation[0],28020.0,60.0,28080.0,24.160599512997447,100.0
bike[2],chargingStation[0],28260.0,60.0,28320.0,23.256802571199398,100.0
bike[4],chargingStation[0],29220.0,60.0,29280.0,22.88330652386853,100.0
bike[1],chargingStation[1],31020.0,60.0,31080.0,22.747487120379407,100.0
bike[3],chargingStation[0],31020.0,60.0,31080.0,21.566404947254327,100.0
bike[3],chargingStation[1],13260.0,60.0,13320.0,24.52087672256361,100.0
bike[0],chargingStation[0],15060.0,60.0,15120.0,24.755206559081234,100.0
bike[4],chargingStation[1],15180.0,60.0,15240.0,22.142224560541106,100.0
bike[2],chargingStation[0],15360.0,60.0,15420.0,22.13135250915697,100.0
bike[1],chargingStation[1],15420.0,60.0,15480.0,22.711650974260483,100.0
bike[3],chargingStation[0],29160.0,60.0,29220.0,21.605684812323155,100.0
bike[1],chargingStation[1],30840.0,60.0,30900.0,24.289678873344048,100.0
bike[0],chargingStation[1],30960.0,60.0,31020.0,22.50170285154019,100.0
bike[2],chargingStation[0],30960.0,60.0,31020.0,24.382671401402803,100.0
bike[4],chargingStation[1],31020.0,60.0,31080.0,23.96816944775312,100.0
bike[3],chargingStation[0],45120.0,60.0,45180.0,23.069421003462367,100.0
bike[1],chargingStation[0],46440.0,60.0,46500.0,24.035762855155408,100.0
bike[4],chargingStation[0],46500.0,60.0,46560.0,24.249658090348174,100.0
bike[0],chargingStation[0],46680.0,60.0,46740.0,24.214782221373913,100.0
bike[2],chargingStation[1],46740.0,60.0,46800.0,23.005209092382604,100.0
bike[3],chargingStation[1],60840.0,60.0,60900.0,22.813954988235967,100.0
bike[4],chargingStation[1],62100.0,60.0,62160.0,27.784476584732477,100.0
bike[1],chargingStation[0],62220.0,60.0,62280.0,24.385269277408618,100.0
bike[0],chargingStation[1],62280.0,60.0,62340.0,23.712144504579534,100.0
bike[2],chargingStation[0],62700.0,60.0,62760.0,23.25293114608679,100.0
bike[1],chargingStation[1],77760.0,60.0,77820.0,23.65556272807967,100.0
bike[0],chargingStation[1],77880.0,60.0,77940.0,23.847698281848455,100.0
bike[3],chargingStation[1],77880.0,60.0,77940.0,23.66284216789052,100.0
bike[4],chargingStation[0],78000.0,60.0,78060.0,21.69901685423512,100.0
bike[2],chargingStation[0],78360.0,60.0,78420.0,23.92504736254667,100.0
bike[1],chargingStation[0],93300.0,60.0,93360.0,24.498019619340937,100.0
bike[3],chargingStation[1],93480.0,60.0,93540.0,23.75785730104802,100.0
bike[0],chargingStation[1],93600.0,60.0,93660.0,23.746431086409377,100.0
bike[4],chargingStation[0],93660.0,60.0,93720.0,24.161962035955614,100.0
bike[2],chargingStation[1],94140.0,60.0,94200.0,22.765383440302337,100.0
bike[1],chargingStation[1],108720.0,60.0,108780.0,24.263683786143076,100.0
bike[3],chargingStation[1],109020.0,60.0,109080.0,23.447551953451583,100.0
bike[4],chargingStation[0],109200.0,60.0,109260.0,24.673687013948044,100.0
bike[0],chargingStation[0],109380.0,60.0,109440.0,23.504533346756194,100.0
bike[2],chargingStation[0],109980.0,60.0,110040.0,24.19131094129088,100.0
bike[3],chargingStation[1],124680.0,60.0,124740.0,23.547589595787557,100.0
bike[1],chargingStation[1],124920.0,60.0,124980.0,21.773861002580606,100.0
bike[4],chargingStation[1],124920.0,60.0,124980.0,23.95644119532781,100.0
bike[0],chargingStation[0],125280.0,60.0,125340.0,23.365272580425366,100.0
bike[2],chargingStation[1],125880.0,60.0,125940.0,22.160318691538464,100.0
bike[2],chargingStation[0],11640.0,60.0,11700.0,21.685158335602704,100.0
bike[1],chargingStation[0],11880.0,60.0,11940.0,21.119394795531115,100.0
bike[3],chargingStation[0],13440.0,60.0,13500.0,23.863180741366655,100.0
bike[0],chargingStation[0],14280.0,60.0,14340.0,23.470869267683657,100.0
bike[4],chargingStation[1],15600.0,60.0,15660.0,22.202205948231946,100.0
bike[1],chargingStation[1],27540.0,60.0,27600.0,23.751645250841445,100.0
bike[2],chargingStation[1],27600.0,60.0,27660.0,22.455275851891376,100.0
bike[3],chargingStation[0],29100.0,60.0,29160.0,24.167110691551724,100.0
bike[0],chargingStation[1],29820.0,60.0,29880.0,23.58573452376796,100.0
bike[0],chargingStation[1],38460.0,60.0,38520.0,23.331313894979335,100.0
bike[4],chargingStation[1],38460.0,60.0,38520.0,28.552986255317926,100.0
bike[2],chargingStation[1],39660.0,60.0,39720.0,23.23871514061839,100.0
bike[1],chargingStation[0],43500.0,60.0,43560.0,21.588218638812045,100.0
bike[4],chargingStation[1],49500.0,60.0,49560.0,22.961784198910777,100.0
bike[3],chargingStation[0],52620.0,60.0,52680.0,21.498481350932103,100.0
bike[0],chargingStation[1],54120.0,60.0,54180.0,23.57804280521951,100.0
bike[2],chargingStation[0],54420.0,60.0,54480.0,24.321868679580998,100.0
bike[1],chargingStation[0],54600.0,60.0,54660.0,28.573490944314315,100.0
bike[4],chargingStation[0],67140.0,60.0,67200.0,24.642810019933282,100.0
bike[0],chargingStation[1],67380.0,60.0,67440.0,24.06108674970679,100.0
bike[3],chargingStation[1],68640.0,60.0,68700.0,23.00261342087402,100.0
bike[1],chargingStation[0],69000.0,60.0,69060.0,21.793339696558768,100.0
bike[2],chargingStation[0],70440.0,60.0,70500.0,21.922675803359258,100.0
bike[4],chargingStation[1],82800.0,60.0,82860.0,23.120538945979067,100.0
bike[0],chargingStation[1],83100.0,60.0,83160.0,23.727622456248827,100.0
bike[3],chargingStation[0],84060.0,60.0,84120.0,24.426656541753974,100.0
bike[1],chargingStation[1],85020.0,60.0,85080.0,22.84235119340809,100.0
bike[2],chargingStation[0],85800.0,60.0,85860.0,24.413445222640394,100.0
bike[0],chargingStation[0],98520.0,60.0,98580.0,24.220073840195372,100.0
bike[4],chargingStation[1],98580.0,60.0,98640.0,23.2409900490867,100.0
bike[3],chargingStation[1],99780.0,60.0,99840.0,23.22230462843152,100.0
bike[1],chargingStation[0],100680.0,60.0,100740.0,23.861365892716233,100.0
bike[2],chargingStation[1],101580.0,60.0,101640.0,23.290783543163997,100.0
bike[0],chargingStation[0],114060.0,60.0,114120.0,23.52797321184572,100.0
bike[4],chargingStation[0],114120.0,60.0,114180.0,24.122194195480123,100.0
bike[3],chargingStation[1],115620.0,60.0,115680.0,22.959826044735802,100.0
bike[1],chargingStation[0],116220.0,60.0,116280.0,26.855821203820195,100.0
bike[2],chargingStation[1],117300.0,60.0,117360.0,29.457884699073876,100.0
bike[4],chargingStation[1],129540.0,60.0,129600.0,24.160706876420235,100.0
bike[2],chargingStation[0],131100.0,60.0,131160.0,24.291190971603545,100.0
bike[3],chargingStation[0],131460.0,60.0,131520.0,23.267209782601235,100.0
bike[1],chargingStation[1],131820.0,60.0,131880.0,24.60452354400523,100.0
bike[0],chargingStation[0],132000.0,60.0,132060.0,23.822706401980067,100.0
bike[15],chargingStation[1],11100.0,60.0,11160.0,23.922121302400654,100.0
bike[12],chargingStation[0],11280.0,60.0,11340.0,23.87735214896138,100.0
bike[2],chargingStation[1],11400.0,60.0,11460.0,23.897851588845967,100.0
bike[1],chargingStation[1],11460.0,60.0,11520.0,23.26959185344694,100.0
bike[4],chargingStation[1],11580.0,60.0,11640.0,23.826256275815815,100.0
bike[10],chargingStation[1],11760.0,60.0,11820.0,23.38887460518326,100.0
bike[11],chargingStation[0],11760.0,60.0,11820.0,21.267482113699522,100.0
bike[3],chargingStation[0],12180.0,60.0,12240.0,23.904626680937458,100.0
bike[19],chargingStation[0],12480.0,60.0,12540.0,21.60119956911286,100.0
bike[18],chargingStation[0],12540.0,60.0,12600.0,23.97933784597004,100.0
bike[6],chargingStation[1],12960.0,60.0,13020.0,24.32163353200992,100.0
bike[14],chargingStation[1],13140.0,60.0,13200.0,22.71652318756917,100.0
bike[5],chargingStation[0],13500.0,60.0,13560.0,27.902359297235314,100.0
bike[13],chargingStation[0],13560.0,60.0,13620.0,31.35611062166467,100.0
bike[17],chargingStation[0],13860.0,60.0,13920.0,25.815382521318753,100.0
bike[0],chargingStation[1],14280.0,60.0,14340.0,27.945267790336054,100.0
bike[8],chargingStation[0],14520.0,60.0,14580.0,23.163798782393357,100.0
bike[7],chargingStation[1],14640.0,60.0,14700.0,27.566709456905265,100.0
bike[16],chargingStation[0],14640.0,60.0,14700.0,24.000039569120855,100.0
bike[14],chargingStation[1],23460.0,60.0,23520.0,24.206582686216244,100.0
bike[2],chargingStation[1],24720.0,60.0,24780.0,24.12998794007181,100.0
bike[4],chargingStation[1],25860.0,60.0,25920.0,23.357464084009045,100.0
bike[7],chargingStation[1],25860.0,60.0,25920.0,23.070713273557317,100.0
bike[13],chargingStation[1],26160.0,60.0,26220.0,23.25862243174669,100.0
bike[9],chargingStation[1],26280.0,60.0,26340.0,22.50091652768373,100.0
bike[10],chargingStation[0],27240.0,60.0,27300.0,24.617686105911286,100.0
bike[15],chargingStation[1],27420.0,60.0,27480.0,23.770151102190823,100.0
bike[1],chargingStation[1],27480.0,60.0,27540.0,23.184109278095523,100.0
bike[12],chargingStation[1],27540.0,60.0,27600.0,24.302274350262895,100.0
bike[3],chargingStation[0],27660.0,60.0,27720.0,24.16689959057409,100.0
bike[16],chargingStation[0],28020.0,60.0,28080.0,24.19948761896425,100.0
bike[0],chargingStation[0],28080.0,60.0,28140.0,21.47788538876988,100.0
bike[5],chargingStation[0],28260.0,60.0,28320.0,22.902541551747554,100.0
bike[8],chargingStation[1],28380.0,60.0,28440.0,32.17367014231804,100.0
bike[17],chargingStation[1],28380.0,60.0,28440.0,23.27773899697874,100.0
bike[19],chargingStation[1],28380.0,120.0,28500.0,37.592456504773274,100.0
bike[18],chargingStation[1],28680.0,60.0,28740.0,21.787580802092986,100.0
bike[14],chargingStation[0],31740.0,120.0,31860.0,42.68345112895284,100.0
bike[6],chargingStation[0],34440.0,60.0,34500.0,45.66685215790717,100.0
bike[13],chargingStation[0],11520.0,60.0,11580.0,25.324917320887906,100.0
bike[1],chargingStation[0],11640.0,60.0,11700.0,24.42381565038304,100.0
bike[3],chargingStation[1],11640.0,60.0,11700.0,23.32596542348776,100.0
bike[9],chargingStation[0],11820.0,60.0,11880.0,24.55817737301867,100.0
bike[0],chargingStation[0],12120.0,60.0,12180.0,23.085277009963864,100.0
bike[5],chargingStation[1],12660.0,60.0,12720.0,23.324551042724952,100.0
bike[19],chargingStation[1],12720.0,60.0,12780.0,23.485349596855784,100.0
bike[2],chargingStation[1],12780.0,60.0,12840.0,23.348110098478646,100.0
bike[10],chargingStation[0],12840.0,60.0,12900.0,23.9166011685266,100.0
bike[12],chargingStation[1],12840.0,60.0,12900.0,21.930775909652926,100.0
bike[7],chargingStation[1],13200.0,60.0,13260.0,23.00388385566703,100.0
bike[8],chargingStation[0],14040.0,60.0,14100.0,23.791436319212576,100.0
bike[18],chargingStation[1],14400.0,60.0,14460.0,24.207340547347005,100.0
bike[4],chargingStation[0],11040.0,60.0,11100.0,24.244212572435135,100.0
bike[17],chargingStation[0],11280.0,60.0,11340.0,23.485871635063866,100.0
bike[9],chargingStation[0],11760.0,60.0,11820.0,23.63455066876572,100.0
bike[19],chargingStation[1],11880.0,60.0,11940.0,23.436939099432333,100.0
bike[2],chargingStation[1],11940.0,60.0,12000.0,24.311705970839938,100.0
bike[10],chargingStation[0],12000.0,60.0,12060.0,23.938695643631043,100.0
bike[1],chargingStation[1],12060.0,60.0,12120.0,23.892226611880258,100.0
bike[8],chargingStation[0],10800.0,60.0,10860.0,24.63092148201356,100.0
bike[3],chargingStation[0],10860.0,60.0,10920.0,24.60859137145756,100.0
bike[10],chargingStation[0],10980.0,60.0,11040.0,23.756977503898888,100.0
bike[4],chargingStation[1],11100.0,60.0,11160.0,24.329768969910205,100.0
bike[18],chargingStation[0],11280.0,60.0,11340.0,25.677813614979346,100.0
bike[5],chargingStation[1],11340.0,60.0,11400.0,22.691435446437595,100.0
bike[12],chargingStation[0],11820.0,60.0,11880.0,24.157377346941438,100.0
bike[14],chargingStation[0],11820.0,60.0,11880.0,22.027143738584332,100.0
bike[15],chargingStation[0],11880.0,60.0,11940.0,24.230441614100208,100.0
bike[1],chargingStation[1],12120.0,60.0,12180.0,24.424682161652797,100.0
bike[16],chargingStation[0],12120.0,60.0,12180.0,26.871596879142697,100.0
bike[2],chargingStation[0],12240.0,60.0,12300.0,23.37697567623806,100.0
bike[19],chargingStation[1],12420.0,60.0,12480.0,23.730032801189065,100.0
bike[13],chargingStation[1],12480.0,60.0,12540.0,24.20030117987145,100.0
bike[9],chargingStation[1],10620.0,60.0,10680.0,23.785471303167352,100.0
bike[1],chargingStation[1],11040.0,60.0,11100.0,23.57071810291701,100.0
bike[14],chargingStation[1],11460.0,60.0,11520.0,23.96944290157527,100.0
bike[15],chargingStation[0],12000.0,60.0,12060.0,23.798687833678063,100.0
bike[12],chargingStation[1],12180.0,60.0,12240.0,21.94179554753695,100.0
bike[13],chargingStation[1],12180.0,60.0,12240.0,23.806049865435824,100.0
bike[5],chargingStation[1],12240.0,60.0,12300.0,24.11182043071048,100.0
bike[4],chargingStation[0],12360.0,60.0,12420.0,21.560566180508598,100.0
bike[19],chargingStation[1],12480.0,60.0,12540.0,23.08689866171324,100.0
bike[7],chargingStation[1],12540.0,60.0,12600.0,23.048119501308722,100.0
bike[3],chargingStation[0],12600.0,60.0,12660.0,24.710448284591656,100.0
bike[10],chargingStation[0],12720.0,60.0,12780.0,30.460468041622295,100.0
bike[0],chargingStation[1],13140.0,60.0,13200.0,27.6247419869489,100.0
bike[8],chargingStation[1],13440.0,60.0,13500.0,23.2740576629988,100.0
bike[16],chargingStation[1],13440.0,60.0,13500.0,23.68767464902745,100.0
bike[13],chargingStation[0],11220.0,60.0,11280.0,23.390374471103467,100.0
bike[3],chargingStation[0],11760.0,60.0,11820.0,21.67483942591356,100.0
bike[6],chargingStation[0],11760.0,60.0,11820.0,24.590743766030858,100.0
bike[15],chargingStation[1],11940.0,60.0,12000.0,23.600504998247263,100.0
bike[1],chargingStation[1],12300.0,60.0,12360.0,23.742712684232114,100.0
bike[5],chargingStation[1],12300.0,60.0,12360.0,24.105831964853518,100.0
bike[9],chargingStation[1],12300.0,60.0,12360.0,24.315046781344797,100.0
bike[0],chargingStation[1],12480.0,60.0,12540.0,24.699583303579995,100.0
bike[11],chargingStation[1],12660.0,60.0,12720.0,24.08069072832467,100.0
bike[18],chargingStation[1],12720.0,60.0,12780.0,22.202808518730073,100.0
bike[16],chargingStation[1],12900.0,60.0,12960.0,23.366684939276105,100.0
bike[10],chargingStation[1],13200.0,60.0,13260.0,23.38148331742843,100.0
bike[19],chargingStation[1],13860.0,60.0,13920.0,23.308853716678072,100.0
bike[17],chargingStation[0],14460.0,60.0,14520.0,21.80324216930865,100.0
bike[4],chargingStation[1],14820.0,60.0,14880.0,23.055545036576127,100.0
bike[8],chargingStation[0],15420.0,60.0,15480.0,22.667228075871236,100.0
bike[7],chargingStation[0],10740.0,60.0,10800.0,24.188935786020373,100.0
bike[15],chargingStation[1],11220.0,60.0,11280.0,23.94028440445204,100.0
bike[8],chargingStation[1],11640.0,60.0,11700.0,23.83516790855171,100.0
bike[19],chargingStation[1],11640.0,60.0,11700.0,24.16631619420748,100.0
bike[0],chargingStation[1],11880.0,60.0,11940.0,23.770837828594953,100.0
bike[16],chargingStation[1],12060.0,60.0,12120.0,23.402695989832136,100.0
bike[11],chargingStation[1],12180.0,60.0,12240.0,23.799630125985036,100.0
bike[2],chargingStation[1],12420.0,60.0,12480.0,23.090484590996923,100.0
bike[5],chargingStation[0],13380.0,60.0,13440.0,23.65455854649785,100.0
bike[6],chargingStation[1],13440.0,60.0,13500.0,23.987175447110268,100.0
bike[4],chargingStation[0],13560.0,60.0,13620.0,23.311584139497207,100.0
bike[12],chargingStation[1],13740.0,60.0,13800.0,22.813786680130644,100.0
bike[14],chargingStation[0],13740.0,60.0,13800.0,23.72754787507544,100.0
bike[10],chargingStation[0],13920.0,60.0,13980.0,23.74405441246456,100.0
bike[1],chargingStation[1],20700.0,60.0,20760.0,23.825946588581566,100.0
bike[11],chargingStation[0],21840.0,60.0,21900.0,24.017452035757785,100.0
bike[18],chargingStation[1],21840.0,60.0,21900.0,23.508483290414244,100.0
bike[12],chargingStation[1],22920.0,60.0,22980.0,24.390768226446006,100.0
bike[0],chargingStation[1],23280.0,60.0,23340.0,22.660811780372132,100.0
bike[10],chargingStation[1],24360.0,60.0,24420.0,23.14699312768823,100.0
bike[4],chargingStation[0],24780.0,60.0,24840.0,24.036167258812494,100.0
bike[6],chargingStation[1],24780.0,60.0,24840.0,23.87831870854736,100.0
bike[13],chargingStation[0],24780.0,60.0,24840.0,23.720892293019098,100.0
bike[8],chargingStation[1],25140.0,60.0,25200.0,22.758193427106047,100.0
bike[17],chargingStation[1],25140.0,60.0,25200.0,23.848107387741518,100.0
bike[5],chargingStation[0],25260.0,60.0,25320.0,24.23671470104792,100.0
bike[16],chargingStation[0],25260.0,60.0,25320.0,22.57760763320973,100.0
bike[2],chargingStation[1],25560.0,60.0,25620.0,23.573727660225092,100.0
bike[9],chargingStation[0],27240.0,60.0,27300.0,22.195895618707297,100.0
bike[10],chargingStation[1],34200.0,60.0,34260.0,24.01399931256174,100.0
bike[7],chargingStation[0],34260.0,60.0,34320.0,23.892821635245447,100.0
bike[19],chargingStation[1],34440.0,60.0,34500.0,23.519711666656264,100.0
bike[6],chargingStation[1],34500.0,60.0,34560.0,23.93800699374939,100.0
bike[16],chargingStation[1],34740.0,60.0,34800.0,23.72445678496071,100.0
bike[15],chargingStation[1],34800.0,60.0,34860.0,23.426997733202455,100.0
bike[13],chargingStation[1],35280.0,60.0,35340.0,22.74334979155779,100.0
bike[9],chargingStation[0],35880.0,60.0,35940.0,24.375051154289647,100.0
bike[11],chargingStation[0],35880.0,60.0,35940.0,23.496272805932506,100.0
bike[5],chargingStation[0],37920.0,60.0,37980.0,23.50523955631848,100.0
bike[4],chargingStation[0],37980.0,60.0,38040.0,23.77701028498679,100.0
bike[12],chargingStation[1],38220.0,60.0,38280.0,23.878167271033014,100.0
bike[14],chargingStation[0],38340.0,60.0,38400.0,23.275199681722356,100.0
bike[3],chargingStation[1],40620.0,60.0,40680.0,23.538037950621685,100.0
bike[10],chargingStation[1],40800.0,60.0,40860.0,22.589211424164198,100.0
bike[0],chargingStation[0],10740.0,60.0,10800.0,24.492235463252044,100.0
bike[14],chargingStation[1],10800.0,60.0,10860.0,23.61946101931145,100.0
bike[19],chargingStation[0],10800.0,60.0,10860.0,21.894002786237166,100.0
bike[2],chargingStation[0],11640.0,60.0,11700.0,23.87680227403102,100.0
bike[12],chargingStation[0],12000.0,60.0,12060.0,24.05340905792732,100.0
bike[16],chargingStation[1],10920.0,60.0,10980.0,24.33073099812358,100.0
bike[15],chargingStation[1],10980.0,60.0,11040.0,24.357057110169393,100.0
bike[4],chargingStation[1],11160.0,60.0,11220.0,23.419562160265624,100.0
bike[7],chargingStation[1],12180.0,60.0,12240.0,23.605307705092667,100.0
bike[13],chargingStation[1],12180.0,60.0,12240.0,22.635268188649118,100.0
bike[2],chargingStation[1],12360.0,60.0,12420.0,23.31015316247262,100.0
bike[18],chargingStation[1],12600.0,60.0,12660.0,24.22497367151152,100.0
bike[14],chargingStation[0],12780.0,60.0,12840.0,23.809656188083338,100.0
bike[0],chargingStation[0],12900.0,60.0,12960.0,22.598665077334832,100.0
bike[17],chargingStation[1],12900.0,60.0,12960.0,23.774471225030656,100.0
bike[10],chargingStation[1],12960.0,60.0,13020.0,23.54039505185147,100.0
bike[19],chargingStation[0],13380.0,60.0,13440.0,23.479217854775246,100.0
bike[3],chargingStation[0],13440.0,60.0,13500.0,21.879672469076862,100.0
bike[12],chargingStation[0],13440.0,60.0,13500.0,24.564656263598888,100.0
bike[6],chargingStation[1],14040.0,60.0,14100.0,24.262779893294944,100.0
bike[7],chargingStation[1],11160.0,60.0,11220.0,24.350058795862292,100.0
bike[8],chargingStation[1],11160.0,60.0,11220.0,23.725316171882753,100.0
bike[0],chargingStation[1],11340.0,60.0,11400.0,23.46365555915614,100.0
bike[3],chargingStation[0],11880.0,60.0,11940.0,22.59854928051276,100.0
bike[9],chargingStation[1],12480.0,60.0,12540.0,22.80012587347599,100.0
bike[5],chargingStation[0],12540.0,60.0,12600.0,23.85922971610294,100.0
bike[11],chargingStation[1],12660.0,60.0,12720.0,22.718455207822313,100.0
bike[6],chargingStation[1],12720.0,60.0,12780.0,23.244525321895576,100.0
bike[15],chargingStation[1],12900.0,60.0,12960.0,24.203743842409235,100.0
bike[18],chargingStation[1],13080.0,60.0,13140.0,23.407167936015604,100.0
bike[4],chargingStation[0],13140.0,60.0,13200.0,24.048545931958202,100.0
bike[16],chargingStation[0],13140.0,60.0,13200.0,23.620298978619946,100.0
bike[14],chargingStation[1],14820.0,60.0,14880.0,22.441755938960288,100.0
bike[1],chargingStation[1],14880.0,60.0,14940.0,22.734851048818317,100.0
bike[10],chargingStation[1],11400.0,60.0,11460.0,23.616126509458905,100.0
bike[17],chargingStation[0],11880.0,60.0,11940.0,24.48171642324577,100.0
bike[14],chargingStation[0],12000.0,60.0,12060.0,21.657829266152216,100.0
bike[5],chargingStation[0],12420.0,60.0,12480.0,24.27871133554106,100.0
bike[12],chargingStation[1],12480.0,60.0,12540.0,22.51605277126345,100.0
bike[8],chargingStation[0],13080.0,60.0,13140.0,23.749315107142,100.0
bike[9],chargingStation[0],13500.0,60.0,13560.0,22.08779460320434,100.0
bike[2],chargingStation[1],13800.0,60.0,13860.0,23.361315644757166,100.0
bike[16],chargingStation[1],13980.0,60.0,14040.0,22.219613676090805,100.0
bike[6],chargingStation[1],14280.0,60.0,14340.0,23.673592153343947,100.0
bike[4],chargingStation[1],14640.0,60.0,14700.0,24.127202851624496,100.0
bike[1],chargingStation[1],14940.0,60.0,15000.0,22.654884526689724,100.0
bike[3],chargingStation[1],15000.0,60.0,15060.0,24.30894813427696,100.0
bike[7],chargingStation[0],15180.0,60.0,15240.0,22.247860044999047,100.0
bike[10],chargingStation[1],18000.0,60.0,18060.0,22.180087144011317,100.0
bike[12],chargingStation[1],11040.0,60.0,11100.0,22.919865248304355,100.0
bike[6],chargingStation[0],11160.0,60.0,11220.0,24.33975739618267,100.0
bike[10],chargingStation[0],11400.0,60.0,11460.0,21.771940548860258,100.0
bike[9],chargingStation[1],11880.0,60.0,11940.0,23.67589134423805,100.0
bike[5],chargingStation[1],12180.0,60.0,12240.0,23.417573099704576,100.0
bike[19],chargingStation[1],12240.0,60.0,12300.0,23.50001758366839,100.0
bike[18],chargingStation[0],12780.0,60.0,12840.0,24.203887364462943,100.0
bike[7],chargingStation[1],13140.0,60.0,13200.0,23.734482180181,100.0
bike[17],chargingStation[0],13740.0,60.0,13800.0,23.533795055742836,100.0
bike[4],chargingStation[0],13920.0,60.0,13980.0,21.598810652711663,100.0
bike[8],chargingStation[1],14400.0,60.0,14460.0,24.271618765404682,100.0
bike[2],chargingStation[1],14460.0,60.0,14520.0,23.533113236654273,100.0
bike[16],chargingStation[0],14520.0,60.0,14580.0,22.30080817984922,100.0
bike[6],chargingStation[0],21120.0,60.0,21180.0,24.10848248432854,100.0
bike[9],chargingStation[0],21420.0,60.0,21480.0,23.25480138582242,100.0
bike[19],chargingStation[1],22440.0,60.0,22500.0,23.365797002845383,100.0
bike[16],chargingStation[0],22560.0,60.0,22620.0,24.256569578712348,100.0
bike[10],chargingStation[1],22860.0,60.0,22920.0,22.894561596475803,100.0
bike[1],chargingStation[0],23160.0,60.0,23220.0,24.508800413259763,100.0
bike[11],chargingStation[0],23220.0,60.0,23280.0,24.442809088656613,100.0
bike[12],chargingStation[1],23400.0,60.0,23460.0,23.610349061442253,100.0
bike[3],chargingStation[1],23460.0,60.0,23520.0,23.65733397028168,100.0
bike[4],chargingStation[0],23520.0,60.0,23580.0,23.86688093614002,100.0
bike[15],chargingStation[1],23640.0,60.0,23700.0,22.553698020788215,100.0
bike[2],chargingStation[1],23700.0,60.0,23760.0,22.513538056459154,100.0
bike[10],chargingStation[1],31860.0,60.0,31920.0,23.233929658556814,100.0
bike[17],chargingStation[1],31860.0,60.0,31920.0,23.591818003227992,100.0
bike[0],chargingStation[1],31980.0,60.0,32040.0,23.193687642887372,100.0
bike[2],chargingStation[1],32040.0,60.0,32100.0,24.16266068267318,100.0
bike[4],chargingStation[1],32400.0,60.0,32460.0,23.56882280880206,100.0
bike[16],chargingStation[1],32400.0,60.0,32460.0,23.54492868614594,100.0
bike[13],chargingStation[0],32640.0,60.0,32700.0,21.096971373958155,100.0
bike[1],chargingStation[0],32760.0,60.0,32820.0,24.37203645840898,100.0
bike[8],chargingStation[1],32760.0,60.0,32820.0,22.602144702889344,100.0
bike[18],chargingStation[0],32820.0,60.0,32880.0,24.43472968550457,100.0
bike[6],chargingStation[0],33000.0,60.0,33060.0,23.55157494922792,100.0
bike[7],chargingStation[0],33180.0,60.0,33240.0,23.484371449770997,100.0
bike[11],chargingStation[0],33240.0,60.0,33300.0,23.745655742606814,100.0
bike[14],chargingStation[1],33300.0,60.0,33360.0,22.33490523062443,100.0
bike[9],chargingStation[0],33360.0,60.0,33420.0,21.92115479825213,100.0
bike[16],chargingStation[1],44100.0,60.0,44160.0,24.482228194570002,100.0
bike[19],chargingStation[1],44220.0,60.0,44280.0,23.550580246792364,100.0
bike[3],chargingStation[1],44280.0,60.0,44340.0,22.87616690151737,100.0
bike[6],chargingStation[1],44340.0,60.0,44400.0,23.345921750445886,100.0
bike[14],chargingStation[0],44400.0,60.0,44460.0,23.224334666331778,100.0
bike[9],chargingStation[1],44520.0,60.0,44580.0,24.711640100918004,100.0
bike[5],chargingStation[1],44580.0,60.0,44640.0,24.025338639379893,100.0
bike[10],chargingStation[1],44760.0,60.0,44820.0,22.808671190827845,100.0
bike[8],chargingStation[1],44820.0,60.0,44880.0,23.137614827981693,100.0
bike[17],chargingStation[1],45120.0,60.0,45180.0,23.373580256147104,100.0
bike[4],chargingStation[0],45360.0,60.0,45420.0,23.958588741746013,100.0
bike[1],chargingStation[1],45480.0,60.0,45540.0,23.168481414288305,100.0
bike[0],chargingStation[1],45780.0,60.0,45840.0,22.52974597407336,100.0
bike[18],chargingStation[0],46380.0,60.0,46440.0,24.009322952460636,100.0
bike[12],chargingStation[0],46620.0,60.0,46680.0,23.537998995031376,100.0
bike[11],chargingStation[0],53880.0,60.0,53940.0,24.040027376648716,100.0
bike[4],chargingStation[1],56400.0,60.0,56460.0,22.875077960071934,100.0
bike[7],chargingStation[0],56460.0,60.0,56520.0,23.929943260168436,100.0
bike[10],chargingStation[0],56580.0,60.0,56640.0,23.45245263627936,100.0
bike[6],chargingStation[1],56700.0,60.0,56760.0,23.24450446476323,100.0
bike[1],chargingStation[1],56760.0,60.0,56820.0,24.348311310300414,100.0
bike[2],chargingStation[1],56820.0,60.0,56880.0,23.824974814093125,100.0
bike[5],chargingStation[1],57120.0,60.0,57180.0,23.84361460491374,100.0
bike[17],chargingStation[1],57120.0,60.0,57180.0,23.31576221834089,100.0
bike[8],chargingStation[1],57540.0,60.0,57600.0,22.49189626710978,100.0
bike[15],chargingStation[1],57600.0,60.0,57660.0,22.858175388791054,100.0
bike[13],chargingStation[1],57780.0,60.0,57840.0,23.720068330043485,100.0
bike[16],chargingStation[0],57840.0,60.0,57900.0,24.059791447546495,100.0
bike[18],chargingStation[0],57960.0,60.0,58020.0,23.67671197047955,100.0
bike[3],chargingStation[1],66480.0,60.0,66540.0,23.345559957785067,100.0
bike[11],chargingStation[0],67260.0,60.0,67320.0,24.313793935166892,100.0
bike[19],chargingStation[1],67320.0,60.0,67380.0,24.000624538006107,100.0
bike[2],chargingStation[0],67560.0,60.0,67620.0,23.026456429437253,100.0
bike[17],chargingStation[0],67620.0,60.0,67680.0,23.20436497376206,100.0
bike[18],chargingStation[1],67620.0,60.0,67680.0,22.962824016455823,100.0
bike[0],chargingStation[0],67740.0,60.0,67800.0,22.080842567251356,100.0
bike[14],chargingStation[0],68100.0,60.0,68160.0,23.590104098474562,100.0
bike[10],chargingStation[0],68160.0,60.0,68220.0,24.41319702442607,100.0
bike[13],chargingStation[1],68460.0,60.0,68520.0,23.598425240064163,100.0
bike[4],chargingStation[1],68520.0,60.0,68580.0,23.606591656715267,100.0
bike[1],chargingStation[1],68820.0,60.0,68880.0,22.956360040973312,100.0
bike[9],chargingStation[0],69060.0,60.0,69120.0,23.295996218825174,100.0
bike[15],chargingStation[0],69120.0,60.0,69180.0,21.961993801189482,100.0
bike[12],chargingStation[1],69660.0,60.0,69720.0,23.001433124320673,100.0
bike[8],chargingStation[1],70080.0,60.0,70140.0,22.660672158575036,100.0
bike[19],chargingStation[1],11220.0,60.0,11280.0,23.883367804727683,100.0
bike[0],chargingStation[0],11460.0,60.0,11520.0,23.488027920582216,100.0
bike[14],chargingStation[0],11520.0,60.0,11580.0,24.231390977804544,100.0
bike[4],chargingStation[0],12000.0,60.0,12060.0,23.60829195450796,100.0
bike[13],chargingStation[1],12180.0,60.0,12240.0,22.050776514293034,100.0
bike[17],chargingStation[0],12300.0,60.0,12360.0,23.790769518585954,100.0
bike[7],chargingStation[1],12780.0,60.0,12840.0,23.586382188075593,100.0
bike[8],chargingStation[1],12780.0,60.0,12840.0,23.979461940192444,100.0
bike[12],chargingStation[1],13020.0,60.0,13080.0,23.93642562485268,100.0
bike[6],chargingStation[1],13140.0,60.0,13200.0,23.741056086198718,100.0
bike[17],chargingStation[1],10560.0,60.0,10620.0,23.01479003972692,100.0
bike[13],chargingStation[0],10680.0,60.0,10740.0,24.06780425041867,100.0
bike[11],chargingStation[0],11400.0,60.0,11460.0,23.934325110757847,100.0
bike[8],chargingStation[1],11760.0,60.0,11820.0,23.68187993903581,100.0
bike[18],chargingStation[1],11940.0,60.0,12000.0,23.961277002801385,100.0
bike[12],chargingStation[1],12780.0,60.0,12840.0,23.571400974894196,100.0
bike[5],chargingStation[0],12840.0,60.0,12900.0,23.876536200915243,100.0
bike[7],chargingStation[1],12900.0,60.0,12960.0,23.593577537581513,100.0
bike[9],chargingStation[0],12900.0,60.0,12960.0,24.022957642746515,100.0
bike[6],chargingStation[1],12960.0,60.0,13020.0,24.40447358536938,100.0
bike[15],chargingStation[0],13200.0,60.0,13260.0,23.02418352997378,100.0
bike[3],chargingStation[0],14280.0,60.0,14340.0,24.393299999452342,100.0
bike[16],chargingStation[1],14280.0,60.0,14340.0,23.13388002136595,100.0
bike[19],chargingStation[1],17520.0,60.0,17580.0,23.33862147017397,100.0
bike[8],chargingStation[0],20400.0,60.0,20460.0,23.436264910257474,100.0
bike[4],chargingStation[0],21480.0,60.0,21540.0,22.247184999243892,100.0
bike[12],chargingStation[1],22380.0,60.0,22440.0,23.519845348604658,100.0
bike[18],chargingStation[1],22500.0,60.0,22560.0,24.62326568163478,100.0
bike[9],chargingStation[1],22680.0,60.0,22740.0,23.7683044852036,100.0
bike[14],chargingStation[1],23640.0,60.0,23700.0,23.093637452778697,100.0
bike[16],chargingStation[1],23700.0,60.0,23760.0,22.87712718082687,100.0
bike[1],chargingStation[0],23880.0,60.0,23940.0,22.76943384443409,100.0
bike[6],chargingStation[1],23940.0,60.0,24000.0,23.135714790243902,100.0
bike[17],chargingStation[1],23940.0,60.0,24000.0,22.922889977677297,100.0
bike[7],chargingStation[1],24960.0,60.0,25020.0,23.13830634289155,100.0
bike[0],chargingStation[1],25320.0,60.0,25380.0,22.38036604476897,100.0
bike[13],chargingStation[0],25440.0,60.0,25500.0,24.478167870621284,100.0
