'Question1',string(self),distanceTraveled
Question1,bike(0),150.0
Question1,bike(1),149.99999999999997
Question1,bike(2),150.0
Question1,bike(3),147.2584191767118
Question1,bike(4),41.749679766673765
Question1,bike(0),150.0
Question1,bike(1),150.0
Question1,bike(2),141.56418391753257
Question1,bike(3),147.20768932582047
Question1,bike(4),149.99999999999997
Question1,bike(0),149.99999999999994
Question1,bike(1),150.00000000000003
Question1,bike(2),149.9999999999999
Question1,bike(3),42.81201397927452
Question1,bike(4),149.99999999999997
Question1,bike(0),149.99999999999994
Question1,bike(1),149.99999999999994
Question1,bike(2),102.42935703329782
Question1,bike(3),150.00000000000009
Question1,bike(4),149.99999999999997
Question1,bike(0),150.00000000000006
Question1,bike(1),149.99999999999994
Question1,bike(2),149.99999999999997
Question1,bike(3),150.0000000000001
Question1,bike(4),150.0
Question1,bike(0),149.99999999999994
Question1,bike(1),149.99999999999997
Question1,bike(2),150.00000000000006
Question1,bike(3),149.99999999999994
Question1,bike(4),126.12346210418355
Question1,bike(0),150.0
Question1,bike(1),150.0
Question1,bike(2),149.99999999999994
Question1,bike(3),139.21288427212622
Question1,bike(4),150.0
Question1,bike(0),149.99999999999991
Question1,bike(1),150.00000000000009
Question1,bike(2),150.0
Question1,bike(3),150.0000000000001
Question1,bike(4),150.0
Question1,bike(0),121.45922671202474
Question1,bike(1),150.00000000000003
Question1,bike(2),149.99999999999994
Question1,bike(3),149.99999999999997
Question1,bike(4),105.2428545345309
Question1,bike(0),150.0
Question1,bike(1),150.0
Question1,bike(2),149.99999999999997
Question1,bike(3),80.39355786393675
Question1,bike(4),150.0
Question1,bike(0),150.00000000000009
Question1,bike(1),150.0
Question1,bike(2),150.00000000000006
Question1,bike(3),149.9999999999999
Question1,bike(4),138.87434102037378
Question1,bike(0),150.0
Question1,bike(1),150.0
Question1,bike(2),58.98216231281366
Question1,bike(3),69.60644213606294
Question1,bike(4),150.00000000000003
Question1,bike(0),150.0000000000001
Question1,bike(1),150.0
Question1,bike(2),150.0000000000001
Question1,bike(3),149.99999999999991
Question1,bike(4),141.1044615572975
Question1,bike(0),150.00000000000003
Question1,bike(1),149.99999999999997
Question1,bike(2),150.00000000000006
Question1,bike(3),150.00000000000003
Question1,bike(4),150.0
Question1,bike(0),149.9999999999999
Question1,bike(1),150.0
Question1,bike(2),150.00000000000003
Question1,bike(3),150.0
Question1,bike(4),120.00385509609427
Question1,bike(0),150.0
Question1,bike(1),149.99999999999994
Question1,bike(2),150.0
Question1,bike(3),150.0
Question1,bike(4),128.49271310584905
Question1,bike(0),149.99999999999997
Question1,bike(1),150.0
Question1,bike(2),149.99999999999997
Question1,bike(3),149.99999999999986
Question1,bike(4),150.0
Question1,bike(0),149.99999999999994
Question1,bike(1),150.00000000000003
Question1,bike(2),149.99999999999991
Question1,bike(3),150.00000000000006
Question1,bike(4),150.0
Question1,bike(0),150.00000000000006
Question1,bike(1),148.53910362315048
Question1,bike(2),149.99999999999994
Question1,bike(3),150.0
Question1,bike(4),150.00000000000003
Question1,bike(0),150.00000000000003
Question1,bike(1),149.9999999999999
Question1,bike(2),147.87137233532343
Question1,bike(3),150.00000000000009
Question1,bike(4),133.2301718259286
Question1,bike(0),149.99999999999994
Question1,bike(1),149.9999999999999
Question1,bike(2),150.00000000000003
Question1,bike(3),150.00000000000003
Question1,bike(4),150.0
Question1,bike(0),150.0
Question1,bike(1),149.99998930503486
Question1,bike(2),150.0
Question1,bike(3),150.00000000000003
Question1,bike(4),150.0
Question1,bike(0),150.0
Question1,bike(1),149.9999999999999
Question1,bike(2),150.00000000000009
Question1,bike(3),98.36235760409146
Question1,bike(4),150.0
Question1,bike(0),149.99993519813256
Question1,bike(1),150.0000000000001
Question1,bike(2),150.00000000000006
Question1,bike(3),150.0000000000001
Question1,bike(4),149.09765551592398
Question1,bike(0),150.0
Question1,bike(1),150.0000000000001
Question1,bike(2),150.0000000000001
Question1,bike(3),149.99999999999997
Question1,bike(4),150.0
Question1,bike(0),149.99999999999997
Question1,bike(1),150.0000000000001
Question1,bike(2),101.93656950037824
Question1,bike(3),57.05096679766307
Question1,bike(4),150.00000000000003
Question1,bike(0),149.99999999999997
Question1,bike(1),150.0000000000001
Question1,bike(2),150.00000000000009
Question1,bike(3),150.00000000000009
Question1,bike(4),150.00000000000003
Question1,bike(0),149.99999999999994
Question1,bike(1),150.0000000000001
Question1,bike(2),150.00000000000009
Question1,bike(3),138.5259686346987
Question1,bike(4),150.00000000000003
Question1,bike(0),150.00000000000003
Question1,bike(1),150.0000000000001
Question1,bike(2),149.99999999999994
Question1,bike(3),150.0
Question1,bike(4),88.59914155311229
Question1,bike(0),150.0
Question1,bike(1),150.0000000000001
Question1,bike(2),149.99999999999994
Question1,bike(3),149.9999999999999
Question1,bike(4),149.99999999999997
Question1,bike(0),150.0
Question1,bike(1),150.0
Question1,bike(2),149.99999999999994
Question1,bike(3),149.99999999999994
Question1,bike(4),131.54874645774163
Question1,bike(0),150.00000000000003
Question1,bike(1),150.0
Question1,bike(2),74.97919124645304
Question1,bike(3),79.24191892247512
Question1,bike(4),140.22044488262878
Question1,bike(0),150.00000000000003
Question1,bike(1),149.99999999999994
Question1,bike(2),150.00000000000003
Question1,bike(3),150.00000000000009
Question1,bike(4),149.99999999999997
Question1,bike(0),150.00000000000006
Question1,bike(1),150.0
Question1,bike(2),149.99999999999986
Question1,bike(3),150.0
Question1,bike(4),149.99999999999997
Question1,bike(0),149.99999999999994
Question1,bike(1),150.0
Question1,bike(2),138.2188684065385
Question1,bike(3),150.0
Question1,bike(4),150.0
Question1,bike(0),150.0
Question1,bike(1),111.42198603385857
Question1,bike(2),149.99999999999997
Question1,bike(3),149.99999999999994
Question1,bike(4),150.00000000000006
Question1,bike(0),150.0000000000001
Question1,bike(1),149.99999999999997
Question1,bike(2),149.99999999999997
Question1,bike(3),150.0
Question1,bike(4),150.0
Question1,bike(0),150.00000000000006
Question1,bike(1),149.99999999999997
Question1,bike(2),149.99999999999997
Question1,bike(3),149.99999999999994
Question1,bike(4),150.00000000000003
Question1,bike(0),150.0
Question1,bike(1),150.00000000000003
Question1,bike(2),149.99999999999997
Question1,bike(3),150.00000000000006
Question1,bike(4),150.0
Question1,bike(0),150.0
Question1,bike(1),149.99999999999994
Question1,bike(2),149.99999999999997
Question1,bike(3),149.99999999999997
Question1,bike(4),149.99999999999997
Question1,bike(0),137.4781456939893
Question1,bike(1),149.99999999999991
Question1,bike(2),150.00000000000006
Question1,bike(3),134.00299138400072
Question1,bike(4),150.00000000000006
Question1,bike(0),149.99999999999994
Question1,bike(1),150.00000000000003
Question1,bike(2),150.00000000000003
Question1,bike(3),150.0
Question1,bike(4),150.0
Question1,bike(0),149.99999999999997
Question1,bike(1),150.0
Question1,bike(2),150.0
Question1,bike(3),149.99999999999991
Question1,bike(4),150.0
Question1,bike(0),150.0
Question1,bike(1),149.99999999999991
Question1,bike(2),91.01710040522809
Question1,bike(3),131.26675883818876
Question1,bike(4),149.99999999999994
Question1,bike(0),150.00000000000003
Question1,bike(1),150.00000000000006
Question1,bike(2),149.99999999999991
Question1,bike(3),149.9999999999999
Question1,bike(4),150.00000000000003
Question1,bike(0),149.99999999999991
Question1,bike(1),149.99999999999997
Question1,bike(2),149.99999999999997
Question1,bike(3),150.0000000000001
Question1,bike(4),145.6288167929962
Question1,bike(0),150.0
Question1,bike(1),149.99999999999997
Question1,bike(2),149.99999999999994
Question1,bike(3),150.0
Question1,bike(4),149.99999999999997
Question1,bike(0),70.71275548192594
Question1,bike(1),150.00000000000003
Question1,bike(2),150.0
Question1,bike(3),150.00000000000003
Question1,bike(4),150.0
Question1,bike(0),150.00000000000009
Question1,bike(1),149.99999999999991
Question1,bike(2),150.00000000000009
Question1,bike(3),150.00000000000003
Question1,bike(4),149.1335746687328
Question1,bike(0),150.0
Question1,bike(1),149.99999999999991
Question1,bike(2),149.99999999999994
Question1,bike(3),140.59134695978935
Question1,bike(4),149.99999999999997
Question1,bike(0),150.0
Question1,bike(1),150.00000000000003
Question1,bike(2),150.0000000000001
Question1,bike(3),150.0
Question1,bike(4),150.0
Question1,bike(0),149.99999999999994
Question1,bike(1),150.00000000000003
Question1,bike(2),149.99999999999997
Question1,bike(3),149.99999999999994
Question1,bike(4),126.80146321780725
Question1,bike(0),150.00000000000003
Question1,bike(1),150.00000000000003
Question1,bike(2),148.07187918404998
Question1,bike(3),121.72265661612329
Question1,bike(4),149.99998930503486
Question1,bike(0),150.00000000000003
Question1,bike(1),33.945711224292786
Question1,bike(2),149.99999999999997
Question1,bike(3),150.0
Question1,bike(4),149.9999999999999
Question1,bike(0),149.99999999999994
Question1,bike(1),132.14503683054213
Question1,bike(2),150.00000000000003
Question1,bike(3),150.00000000000009
Question1,bike(4),149.99999999999994
Question1,bike(0),150.0
Question1,bike(1),150.0
Question1,bike(2),150.0
Question1,bike(3),125.73608357617499
Question1,bike(4),149.99999999999991
Question1,bike(0),149.99999999999997
Question1,bike(1),150.0
Question1,bike(2),150.00000000000003
Question1,bike(3),121.4929703013624
Question1,bike(4),137.2018651567668
Question1,bike(0),149.99999999999997
Question1,bike(1),149.99999999999994
Question1,bike(2),150.00000000000009
Question1,bike(3),128.06964065064503
Question1,bike(4),149.99999999999997
Question1,bike(0),150.00000000000003
Question1,bike(1),141.0329858259942
Question1,bike(2),94.45287888018764
Question1,bike(3),149.99999999999991
Question1,bike(4),150.00000000000009
Question1,bike(0),141.43579949249573
Question1,bike(1),150.0
Question1,bike(2),150.00000000000003
Question1,bike(3),149.9999999999999
Question1,bike(4),134.58933154062123
Question1,bike(0),150.00000000000003
Question1,bike(1),150.00000000000003
Question1,bike(2),149.99999999999997
Question1,bike(3),150.00000000000006
Question1,bike(4),150.0
Question1,bike(0),150.0
Question1,bike(1),150.00000000000003
Question1,bike(2),54.147861820796166
Question1,bike(3),149.9999999999999
Question1,bike(4),110.74174076169014
Question1,bike(0),149.99999999999991
Question1,bike(1),29.35594557351836
Question1,bike(2),150.0
Question1,bike(3),149.9999999999999
Question1,bike(4),149.99999999999994
Question1,bike(0),149.99999999999994
Question1,bike(1),149.99999999999997
Question1,bike(2),150.0
Question1,bike(3),149.99999999999997
Question1,bike(4),149.99999999999997
Question1,bike(0),150.00000000000009
Question1,bike(1),150.00000000000003
Question1,bike(2),150.00000000000003
Question1,bike(3),150.0
Question1,bike(4),150.0
Question1,bike(0),149.9999999999999
Question1,bike(1),150.0
Question1,bike(2),133.78079438106957
Question1,bike(3),149.99999999999991
Question1,bike(4),150.0
Question1,bike(0),150.00000000000006
Question1,bike(1),150.0
Question1,bike(2),150.0
Question1,bike(3),61.37037195682531
Question1,bike(4),150.0
Question1,bike(0),71.1806391740421
Question1,bike(1),150.00000000000003
Question1,bike(2),149.44043710609907
Question1,bike(3),150.0
Question1,bike(4),122.84006169780815
Question1,bike(0),150.0
Question1,bike(1),150.00000000000006
Question1,bike(2),150.00000000000003
Question1,bike(3),142.94459167376507
Question1,bike(4),149.99999999999997
Question1,bike(0),134.72126497774983
Question1,bike(1),150.00000000000003
Question1,bike(2),130.6925225663443
Question1,bike(3),150.00000000000003
Question1,bike(4),150.0
Question1,bike(0),109.3154751676265
Question1,bike(1),149.99999999999997
Question1,bike(2),150.0
Question1,bike(3),139.00653274723936
Question1,bike(4),149.99999999999997
Question1,bike(0),150.0
Question1,bike(1),74.66434946512716
Question1,bike(2),150.0
Question1,bike(3),135.01164232380196
Question1,bike(4),150.00000000000006
Question1,bike(0),129.6577375838132
Question1,bike(1),150.0
Question1,bike(2),94.99450289625851
Question1,bike(3),150.00000000000006
Question1,bike(4),150.00000000000006
Question1,bike(0),150.00000000000006
Question1,bike(1),150.00000000000003
Question1,bike(2),90.16244077982932
Question1,bike(3),144.4047526085768
Question1,bike(4),150.00000000000006
Question1,bike(0),150.00000000000003
Question1,bike(1),150.00000000000003
Question1,bike(2),143.40747456409045
Question1,bike(3),149.99999999999994
Question1,bike(4),149.99999999999997
Question1,bike(0),149.99999999999997
Question1,bike(1),150.00000000000006
Question1,bike(2),149.99999999999994
Question1,bike(3),150.00000000000009
Question1,bike(4),150.00000000000006
Question1,bike(0),149.99999999999997
Question1,bike(1),60.73749598761179
Question1,bike(2),150.0
Question1,bike(3),150.0
Question1,bike(4),150.0
Question1,bike(0),139.98535793965885
Question1,bike(1),150.00000000000003
Question1,bike(2),90.99977507628785
Question1,bike(3),150.00000000000003
Question1,bike(4),150.0
Question1,bike(0),150.00000000000003
Question1,bike(1),150.0
Question1,bike(2),63.55310085653534
Question1,bike(3),149.99999999999997
Question1,bike(4),150.0
Question1,bike(0),150.00000000000003
Question1,bike(1),150.00000000000003
Question1,bike(2),150.0
Question1,bike(3),85.89116730919945
Question1,bike(4),150.0
Question1,bike(0),150.00000000000003
Question1,bike(1),150.0
Question1,bike(2),75.20892155276559
Question1,bike(3),149.99999999999994
Question1,bike(4),150.0
Question1,bike(0),32.90370841900909
Question1,bike(1),150.00000000000006
Question1,bike(2),150.0
Question1,bike(3),149.99999999999991
Question1,bike(4),149.99999999999997
Question1,bike(0),150.0
Question1,bike(1),150.0
Question1,bike(2),150.0
Question1,bike(3),149.99999999999994
Question1,bike(4),150.0
Question1,bike(0),95.9793446185889
Question1,bike(1),100.09697023026447
Question1,bike(2),149.99999999999997
Question1,bike(3),73.02698794677899
Question1,bike(4),48.44058111595171
Question1,bike(0),150.00000000000009
Question1,bike(1),133.3037179228578
Question1,bike(2),150.00000000000006
Question1,bike(3),119.49504402281349
Question1,bike(4),150.00000000000003
Question1,bike(0),52.47435455174593
Question1,bike(1),130.09326897758126
Question1,bike(2),150.00000000000003
Question1,bike(3),123.69701204938704
Question1,bike(4),149.99999999999997
Question1,bike(0),139.6178116126049
Question1,bike(1),150.00000000000006
Question1,bike(2),149.99999999999997
Question1,bike(3),150.00000000000009
Question1,bike(4),3.5375874912706036
Question1,bike(0),149.7457502465627
Question1,bike(1),149.99999999999994
Question1,bike(2),150.00000000000003
Question1,bike(3),150.00000000000003
Question1,bike(4),144.55841885403066
Question1,bike(0),150.00000000000003
Question1,bike(1),146.9233429285785
Question1,bike(2),150.00000000000006
Question1,bike(3),136.09231906331252
Question1,bike(4),150.0
Question1,bike(0),124.75430459536634
Question1,bike(1),150.0
Question1,bike(2),118.9237371549735
Question1,bike(3),150.00000000000003
Question1,bike(4),69.83145620756012
Question1,bike(0),147.57138988693404
Question1,bike(1),149.99999999999997
Question1,bike(2),150.00000000000003
Question1,bike(3),111.51954491506183
Question1,bike(4),150.0
Question1,bike(0),119.51836482373432
Question1,bike(1),149.99999999999994
Question1,bike(2),149.99999999999994
Question1,bike(3),150.0
Question1,bike(4),149.9999008498208
Question1,bike(0),75.12210794209868
Question1,bike(1),149.99999999999994
Question1,bike(2),150.00000000000003
Question1,bike(3),150.00000000000006
Question1,bike(4),150.00000000000006
Question1,bike(0),150.00000000000003
Question1,bike(1),149.99999999999994
Question1,bike(2),150.00000000000006
Question1,bike(3),150.0
Question1,bike(4),149.76860724150833
Question1,bike(0),149.99999999999997
Question1,bike(1),149.99999999999997
Question1,bike(2),150.00000000000009
Question1,bike(3),149.9999999999999
Question1,bike(4),150.00000000000006
Question1,bike(0),149.99999999999997
Question1,bike(1),150.0
Question1,bike(2),149.99999999999994
Question1,bike(3),150.0
Question1,bike(4),52.066894577756926
Question1,bike(0),149.99999999999994
Question1,bike(1),133.92377187899265
Question1,bike(2),150.00000000000003
Question1,bike(3),78.53717084679407
Question1,bike(4),149.99999999999994
Question1,bike(0),149.99999999999997
Question1,bike(1),150.0
Question1,bike(2),150.0000000000001
Question1,bike(3),150.0
Question1,bike(4),131.86579878249
Question1,bike(0),71.18063917404201
Question1,bike(1),149.99999999999994
Question1,bike(2),149.99999999999994
Question1,bike(3),150.00000000000006
Question1,bike(4),113.13126607363887
Question1,bike(0),150.0
Question1,bike(1),149.99999999999997
Question1,bike(2),148.33036731438548
Question1,bike(3),150.00000000000006
Question1,bike(4),62.503675293467914
Question1,bike(0),150.00000000000006
Question1,bike(1),150.0
Question1,bike(2),150.0
Question1,bike(3),150.0
Question1,bike(4),150.00000000000003
Question1,bike(0),150.0
Question1,bike(1),149.99999999999997
Question1,bike(2),150.0
Question1,bike(3),150.0
Question1,bike(4),150.00000000000006
Question1,bike(0),149.99999999999994
Question1,bike(1),150.0
Question1,bike(2),150.0
Question1,bike(3),149.99999999999994
Question1,bike(4),150.00000000000006
Question1,bike(0),150.0
Question1,bike(1),149.99999999999997
Question1,bike(2),150.0
Question1,bike(3),150.0
Question1,bike(4),150.0
Question1,bike(0),150.0
Question1,bike(1),150.0
Question1,bike(2),149.99999999999997
Question1,bike(3),150.0
Question1,bike(4),150.0
Question1,bike(0),150.0
Question1,bike(1),150.0
Question1,bike(2),150.00000000000003
Question1,bike(3),150.0
Question1,bike(4),150.0
Question1,bike(0),69.4576562806377
Question1,bike(1),150.00000000000009
Question1,bike(2),150.00000000000006
Question1,bike(3),149.99999999999994
Question1,bike(4),150.0
Question1,bike(0),150.00000000000009
Question1,bike(1),149.99999999999997
Question1,bike(2),150.0
Question1,bike(3),150.0
Question1,bike(4),150.0
Question1,bike(0),149.9999999999999
Question1,bike(1),148.8524115948321
Question1,bike(2),150.0
Question1,bike(3),126.5190164747886
Question1,bike(4),68.6761142152343
Question1,bike(0),107.9606744282596
Question1,bike(1),149.99999999999994
Question1,bike(2),150.00000000000003
Question1,bike(3),149.99999999999997
Question1,bike(4),149.99999999999997
Question1,bike(0),149.99999999999994
Question1,bike(1),149.99999999999997
Question1,bike(2),149.99999999999994
Question1,bike(3),149.99999999999997
Question1,bike(4),150.0
Question1,bike(0),150.0
Question1,bike(1),150.0
Question1,bike(2),137.7458963927705
Question1,bike(3),150.0
Question1,bike(4),150.0
Question1,bike(0),150.0
Question1,bike(1),150.0
Question1,bike(2),150.00000000000006
Question1,bike(3),148.27701710659568
Question1,bike(4),97.20455127416683
Question1,bike(0),150.0
Question1,bike(1),150.0
Question1,bike(2),150.0
Question1,bike(3),137.50704422769576
Question1,bike(4),121.91364942808205
Question1,bike(0),150.00000000000006
Question1,bike(1),149.99999999999997
Question1,bike(2),150.0000000000001
Question1,bike(3),65.7340528177853
Question1,bike(4),150.00000000000003
Question1,bike(0),150.0
Question1,bike(1),149.99999999999997
Question1,bike(2),150.00000000000003
Question1,bike(3),149.99999999999997
Question1,bike(4),150.0
Question1,bike(0),149.99999999999991
Question1,bike(1),149.99999999999997
Question1,bike(2),149.99999999999994
Question1,bike(3),150.0
Question1,bike(4),147.44670758935666
Question1,bike(0),150.00000000000006
Question1,bike(1),150.0
Question1,bike(2),149.99999999999991
Question1,bike(3),150.0
Question1,bike(4),150.0
Question1,bike(0),138.06747297013004
Question1,bike(1),149.99999999999997
Question1,bike(2),149.99999999999991
Question1,bike(3),71.18063917404201
Question1,bike(4),150.0
Question1,bike(0),150.0
Question1,bike(1),150.0
Question1,bike(2),149.99999999999994
Question1,bike(3),149.99999999999997
Question1,bike(4),150.00000000000003
Question1,bike(0),149.99999999999997
Question1,bike(1),125.0022215521744
Question1,bike(2),127.67527914389976
Question1,bike(3),150.0000000000001
Question1,bike(4),150.0
Question1,bike(0),150.0
Question1,bike(1),149.99999999999997
Question1,bike(2),149.99999999999997
Question1,bike(3),150.0
Question1,bike(4),150.0
Question1,bike(0),149.99999999999997
Question1,bike(1),150.0
Question1,bike(2),149.99999999999997
Question1,bike(3),150.00000000000009
Question1,bike(4),110.3917620887915
Question1,bike(0),150.0
Question1,bike(1),58.62385481529025
Question1,bike(2),150.00000000000003
Question1,bike(3),143.01176226425994
Question1,bike(4),149.99999999999997
Question1,bike(0),149.99999999999991
Question1,bike(1),96.508631293262
Question1,bike(2),149.99999999999994
Question1,bike(3),149.99432968921099
Question1,bike(4),150.00000000000003
Question1,bike(0),150.0
Question1,bike(1),77.21473539660767
Question1,bike(2),63.252398987160696
Question1,bike(3),149.99999999999994
Question1,bike(4),150.0
Question1,bike(0),58.51695166676414
Question1,bike(1),147.79818463648286
Question1,bike(2),150.00000000000006
Question1,bike(3),149.99999999999994
Question1,bike(4),149.99999999999994
Question1,bike(0),150.0
Question1,bike(1),149.99999999999997
Question1,bike(2),149.35902647241087
Question1,bike(3),149.99999999999994
Question1,bike(4),149.99999999999994
Question1,bike(0),150.00000000000009
Question1,bike(1),149.99999999999997
Question1,bike(2),113.77367812838405
Question1,bike(3),144.7948783954767
Question1,bike(4),122.76071809182628
Question1,bike(0),150.0
Question1,bike(1),150.0
Question1,bike(2),148.98828371005243
Question1,bike(3),150.0000000000001
Question1,bike(4),149.99999999999994
Question1,bike(0),150.00000000000003
Question1,bike(1),149.99999999999997
Question1,bike(2),150.0
Question1,bike(3),149.99999999999997
Question1,bike(4),149.99999999999994
Question1,bike(0),150.0
Question1,bike(1),150.0
Question1,bike(2),150.0
Question1,bike(3),150.00000000000006
Question1,bike(4),150.0
Question1,bike(0),150.0
Question1,bike(1),150.0
Question1,bike(2),150.0
Question1,bike(3),150.00000000000006
Question1,bike(4),143.96842581024885
Question1,bike(0),149.99999999999994
Question1,bike(1),149.99999999999994
Question1,bike(2),149.99999999999997
Question1,bike(3),150.0
Question1,bike(4),150.0
Question1,bike(0),150.00000000000003
Question1,bike(1),149.99999999999994
Question1,bike(2),150.00000000000006
Question1,bike(3),150.00000000000003
Question1,bike(4),150.00000000000006
Question1,bike(0),150.0
Question1,bike(1),110.6509600802607
Question1,bike(2),149.99999999999991
Question1,bike(3),150.00000000000003
Question1,bike(4),147.38229867374687
Question1,bike(0),150.0
Question1,bike(1),149.99999999999997
Question1,bike(2),149.97078755320706
Question1,bike(3),149.99999999999997
Question1,bike(4),149.99999999999997
Question1,bike(0),137.60638117071483
Question1,bike(1),150.0
Question1,bike(2),150.00000000000006
Question1,bike(3),150.0
Question1,bike(4),150.0
Question1,bike(0),149.99999999999997
Question1,bike(1),150.0
Question1,bike(2),74.41719726357472
Question1,bike(3),150.0
Question1,bike(4),150.0
Question1,bike(0),81.10595445567877
Question1,bike(1),118.32960683939015
Question1,bike(2),150.00000000000014
Question1,bike(3),150.0
Question1,bike(4),150.0
Question1,bike(0),60.667012707946185
Question1,bike(1),150.0
Question1,bike(2),149.99999999999991
Question1,bike(3),149.99999999999994
Question1,bike(4),150.0
Question1,bike(0),150.00000000000003
Question1,bike(1),115.89601973754594
Question1,bike(2),88.06381805574809
Question1,bike(3),141.46808194903593
Question1,bike(4),108.81521882750566
Question1,bike(0),150.0
Question1,bike(1),149.99999999999997
Question1,bike(2),149.99999999999994
Question1,bike(3),149.99999999999994
Question1,bike(4),149.99999999999997
Question1,bike(0),149.98462121883705
Question1,bike(1),149.99999999999997
Question1,bike(2),150.00000000000003
Question1,bike(3),150.00000000000009
Question1,bike(4),149.99999999999994
Question1,bike(0),150.0
Question1,bike(1),150.0
Question1,bike(2),149.99999999999997
Question1,bike(3),150.00000000000009
Question1,bike(4),150.0
Question1,bike(0),150.0
Question1,bike(1),108.50766475182695
Question1,bike(2),149.99999999999991
Question1,bike(3),150.0
Question1,bike(4),150.0
Question1,bike(0),105.20947577950056
Question1,bike(1),150.00000000000003
Question1,bike(2),150.0
Question1,bike(3),150.0
Question1,bike(4),150.0
Question1,bike(0),150.0
Question1,bike(1),150.00000000000003
Question1,bike(2),150.0
Question1,bike(3),150.0
Question1,bike(4),87.50399203572566
Question1,bike(0),150.0
Question1,bike(1),150.00000000000003
Question1,bike(2),150.0
Question1,bike(3),150.0
Question1,bike(4),120.38941359838476
Question1,bike(0),27.33631784718455
Question1,bike(1),149.99999999999994
Question1,bike(2),149.99999999999994
Question1,bike(3),52.47952163753476
Question1,bike(4),150.00000000000003
Question1,bike(0),150.0
Question1,bike(1),150.0
Question1,bike(2),149.99999999999997
Question1,bike(3),149.99999999999991
Question1,bike(4),112.34891602888393
Question1,bike(0),150.0
Question1,bike(1),150.00000000000003
Question1,bike(2),150.00000000000003
Question1,bike(3),150.0
Question1,bike(4),150.0
Question1,bike(0),150.0
Question1,bike(1),150.0
Question1,bike(2),149.99999999999991
Question1,bike(3),149.99999999999997
Question1,bike(4),139.11267133095663
Question1,bike(0),150.0
Question1,bike(1),150.00000000000006
Question1,bike(2),149.99999999999994
Question1,bike(3),149.99999999999997
Question1,bike(4),139.8031400313857
Question1,bike(0),149.99999999999991
Question1,bike(1),150.00000000000003
Question1,bike(2),150.00000000000006
Question1,bike(3),150.0
Question1,bike(4),138.01599815051904
Question1,bike(0),141.35704725280647
Question1,bike(1),150.0
Question1,bike(2),134.1812492570513
Question1,bike(3),150.0
Question1,bike(4),41.749679766673765
Question1,bike(0),150.00000000000006
Question1,bike(1),150.00000000000003
Question1,bike(2),149.99999999999997
Question1,bike(3),150.0
Question1,bike(4),150.0
Question1,bike(0),150.00000000000006
Question1,bike(1),150.0
Question1,bike(2),149.99999999999997
Question1,bike(3),150.00000000000009
Question1,bike(4),150.0
Question1,bike(0),149.99999999999997
Question1,bike(1),150.00000000000003
Question1,bike(2),149.99999999999997
Question1,bike(3),150.0
Question1,bike(4),150.00000000000006
Question1,bike(0),150.0
Question1,bike(1),141.09114520687444
Question1,bike(2),149.99999999999997
Question1,bike(3),149.99999999999997
Question1,bike(4),150.0
Question1,bike(0),150.00000000000006
Question1,bike(1),149.99999999999997
Question1,bike(2),149.99999999999994
Question1,bike(3),60.67208464784372
Question1,bike(4),150.00000000000003
Question1,bike(0),150.0
Question1,bike(1),150.0
Question1,bike(2),134.94619874236543
Question1,bike(3),150.00000000000006
Question1,bike(4),99.68028412251857
Question1,bike(0),150.00000000000006
Question1,bike(1),150.0
Question1,bike(2),150.0
Question1,bike(3),149.99999999999991
Question1,bike(4),73.30040932360431
Question1,bike(0),149.99999999999997
Question1,bike(1),149.99999999999997
Question1,bike(2),150.00000000000009
Question1,bike(3),150.00000000000006
Question1,bike(4),144.89009704160853
Question1,bike(0),149.99999999999991
Question1,bike(1),149.99999999999997
Question1,bike(2),150.00000000000006
Question1,bike(3),129.20767509128794
Question1,bike(4),50.41811280430085
Question1,bike(0),150.0
Question1,bike(1),150.0
Question1,bike(2),149.99999999999991
Question1,bike(3),149.99999999999994
Question1,bike(4),150.0
Question1,bike(0),149.9999999999999
Question1,bike(1),149.51526929257548
Question1,bike(2),149.99999999999994
Question1,bike(3),149.99999999999991
Question1,bike(4),150.00000000000006
Question1,bike(0),52.04102011538618
Question1,bike(1),150.00000000000003
Question1,bike(2),150.0
Question1,bike(3),147.17895653486872
Question1,bike(4),150.00000000000006
Question1,bike(0),150.0
Question1,bike(1),149.99999999999997
Question1,bike(2),150.00000000000009
Question1,bike(3),150.0000000000001
Question1,bike(4),45.60371939725285
Question1,bike(0),150.00000000000006
Question1,bike(1),149.99999999999997
Question1,bike(2),149.99999999999991
Question1,bike(3),149.99999999999997
Question1,bike(4),149.99999999999997
Question1,bike(0),150.0
Question1,bike(1),149.99999999999997
Question1,bike(2),149.99999999999994
Question1,bike(3),81.40963720379833
Question1,bike(4),150.0
Question1,bike(0),35.30445971500099
Question1,bike(1),149.99999999999997
Question1,bike(2),149.99999999999994
Question1,bike(3),128.7659882254414
Question1,bike(4),149.99999999999994
Question1,bike(0),150.0
Question1,bike(1),150.0
Question1,bike(2),150.00000000000006
Question1,bike(3),150.00000000000003
Question1,bike(4),149.99999999999994
Question1,bike(0),150.0
Question1,bike(1),43.918196663466844
Question1,bike(2),149.99999999999997
Question1,bike(3),149.9999999999999
Question1,bike(4),150.0
Question1,bike(0),150.0
Question1,bike(1),150.0
Question1,bike(2),150.0
Question1,bike(3),109.40241508651803
Question1,bike(4),128.7029909762802
Question1,bike(0),149.99999999999994
Question1,bike(1),150.0
Question1,bike(2),149.99999999999997
Question1,bike(3),149.99999999999997
Question1,bike(4),150.0
Question1,bike(0),150.0
Question1,bike(1),149.67662516319945
Question1,bike(2),150.00000000000006
Question1,bike(3),39.40903987009236
Question1,bike(4),150.0
Question1,bike(0),150.0
Question1,bike(1),150.0
Question1,bike(2),150.0
Question1,bike(3),149.99999999999991
Question1,bike(4),113.02088256232355
Question1,bike(0),78.96012160775037
Question1,bike(1),123.70976366768721
Question1,bike(2),150.00000000000009
Question1,bike(3),149.99999999999997
Question1,bike(4),142.46911530261562
Question1,bike(0),150.00000000000006
Question1,bike(1),149.99999999999994
Question1,bike(2),149.99999999999994
Question1,bike(3),150.00000000000006
Question1,bike(4),150.0
Question1,bike(0),149.9999999999999
Question1,bike(1),98.98236685220098
Question1,bike(2),150.0
Question1,bike(3),149.99999999999997
Question1,bike(4),150.0
Question1,bike(0),150.0
Question1,bike(1),149.99999932846515
Question1,bike(2),80.13889970940488
Question1,bike(3),101.90802865735473
Question1,bike(4),137.46834334561947
Question1,bike(0),149.99999999999994
Question1,bike(1),150.00000000000006
Question1,bike(2),150.00000000000006
Question1,bike(3),150.0
Question1,bike(4),149.99999999999994
Question1,bike(0),149.99999999999997
Question1,bike(1),150.00000000000006
Question1,bike(2),150.00000000000003
Question1,bike(3),150.0
Question1,bike(4),149.99999999999997
Question1,bike(0),150.00000000000009
Question1,bike(1),148.18928179611544
Question1,bike(2),149.99999999999997
Question1,bike(3),150.0
Question1,bike(4),147.7689537611601
Question1,bike(0),149.99999999999994
Question1,bike(1),150.00000000000003
Question1,bike(2),149.99999999999997
Question1,bike(3),150.0
Question1,bike(4),150.0
Question1,bike(0),150.0
Question1,bike(1),150.0
Question1,bike(2),149.99999999999997
Question1,bike(3),149.9999999999999
Question1,bike(4),150.0
Question1,bike(0),150.0000000000001
Question1,bike(1),141.3766700500833
Question1,bike(2),72.74166219030195
Question1,bike(3),150.00000000000006
Question1,bike(4),150.0
Question1,bike(0),150.00000000000006
Question1,bike(2),150.0
Question1,bike(3),101.90802865735466
Question1,bike(4),149.99999999999997
Question1,bike(0),150.00000000000006
Question1,bike(2),149.99999999999997
Question1,bike(3),150.0
Question1,bike(4),150.00000000000003
Question1,bike(0),150.00000000000006
Question1,bike(2),53.07151950604485
Question1,bike(3),147.31204774856778
Question1,bike(4),150.0
Question1,bike(0),79.54320934772491
Question1,bike(2),113.85712674877709
Question1,bike(3),117.35372669899242
Question1,bike(4),131.51044128116183
Question1,bike(0),121.7939408492115
Question1,bike(2),150.0
Question1,bike(3),150.0
Question1,bike(4),150.00000000000003
Question1,bike(0),74.79832951282935
Question1,bike(2),149.99999999999994
Question1,bike(3),149.9999999999999
Question1,bike(4),149.99999999999994
Question1,bike(0),121.48344558241558
Question1,bike(2),150.00000000000006
Question1,bike(3),150.00000000000009
Question1,bike(4),150.0
Question1,bike(0),150.00000000000006
Question1,bike(2),150.0
Question1,bike(3),149.99999999999997
Question1,bike(4),149.99845277245058
Question1,bike(0),150.0
Question1,bike(1),150.00000000000003
Question1,bike(2),114.60585729135886
Question1,bike(3),149.99999999999997
Question1,bike(4),132.27349987175413
Question1,bike(0),150.0
Question1,bike(1),99.55207535264464
Question1,bike(2),150.0
Question1,bike(3),150.0
Question1,bike(4),115.93933590308913
Question1,bike(0),150.0
Question1,bike(2),150.0
Question1,bike(3),150.0
Question1,bike(0),21.88292756903708
Question1,bike(2),150.0
Question1,bike(3),148.3316135465126
Question1,bike(0),149.9834656573547
Question1,bike(2),150.0
Question1,bike(3),150.00000000000006
Question1,bike(0),140.6701374889904
Question1,bike(2),149.99999999999997
Question1,bike(3),150.0
Question1,bike(4),150.0
Question1,bike(0),150.0
Question1,bike(2),149.99999999999997
Question1,bike(3),150.0000000000001
Question1,bike(4),149.99999999999997
Question1,bike(0),126.16894372022887
Question1,bike(2),149.99999999999997
Question1,bike(3),150.00000000000003
Question1,bike(4),149.99999999999997
Question1,bike(0),150.0
Question1,bike(1),149.99999999999997
Question1,bike(2),150.0
Question1,bike(3),150.00000000000003
Question1,bike(4),150.0
Question1,bike(0),125.12497637606359
Question1,bike(1),71.65950053237232
Question1,bike(2),137.15613550317573
Question1,bike(3),150.0
Question1,bike(4),150.0
Question1,bike(0),90.29204882294509
Question1,bike(1),131.90300023440338
Question1,bike(2),149.99999999999997
Question1,bike(3),74.29282755756381
Question1,bike(4),150.00000000000006
Question1,bike(0),135.15595853745816
Question1,bike(1),150.00000000000003
Question1,bike(2),149.99999999999997
Question1,bike(3),120.44259133832844
Question1,bike(4),63.91043461169778
Question1,bike(0),90.29204882294522
Question1,bike(1),150.00000000000006
Question1,bike(2),148.34984830015117
Question1,bike(3),149.99999999999991
Question1,bike(4),150.0
Question1,bike(0),150.0000000000001
Question1,bike(1),150.0
Question1,bike(2),149.9999999999999
Question1,bike(3),150.0
Question1,bike(4),150.0
Question1,bike(0),62.04554990716097
Question1,bike(1),150.0
Question1,bike(2),150.00000000000006
Question1,bike(3),150.00000000000006
Question1,bike(4),150.0
Question1,bike(0),150.0
Question1,bike(1),150.00000000000003
Question1,bike(2),149.99999999999994
Question1,bike(3),150.00000000000003
Question1,bike(4),132.04276949700971
Question1,bike(0),139.19371839895106
Question1,bike(1),150.0
Question1,bike(2),149.99999999999991
Question1,bike(3),149.99999999999991
Question1,bike(4),150.0
Question1,bike(0),150.0
Question1,bike(1),79.02414822728682
Question1,bike(2),150.00000000000006
Question1,bike(3),73.52971024019472
Question1,bike(4),150.0
Question1,bike(0),149.99999999999994
Question1,bike(1),150.0
Question1,bike(2),97.65563083880379
Question1,bike(3),150.0000000000001
Question1,bike(4),150.0
Question1,bike(0),150.0000000000001
Question1,bike(1),150.00000000000003
Question1,bike(2),149.99999999999997
Question1,bike(3),150.00000000000003
Question1,bike(4),150.0
Question1,bike(0),150.0
Question1,bike(1),150.00000000000006
Question1,bike(2),149.99999999999997
Question1,bike(3),150.00000000000006
Question1,bike(4),33.7411082614619
Question1,bike(0),64.42968588528619
Question1,bike(1),150.00000000000006
Question1,bike(2),150.0
Question1,bike(3),150.0
Question1,bike(4),128.80660758531047
Question1,bike(0),149.99999999999997
Question1,bike(1),150.00000000000003
Question1,bike(2),149.99999999999994
Question1,bike(3),149.99999999999997
Question1,bike(4),72.15057326425105
Question1,bike(0),149.99999999999997
Question1,bike(1),96.41801775900633
Question1,bike(2),149.99999999999994
Question1,bike(3),73.91746308590956
Question1,bike(4),150.0
Question1,bike(0),150.00000000000006
Question1,bike(1),150.0
Question1,bike(2),149.99999999999994
Question1,bike(3),150.0
Question1,bike(4),149.99999999999994
Question1,bike(0),150.00000000000009
Question1,bike(1),149.99999999999994
Question1,bike(2),150.00000000000009
Question1,bike(3),150.0
Question1,bike(4),150.00000000000003
Question1,bike(0),149.99999999999994
Question1,bike(1),149.99993384003506
Question1,bike(2),149.9555388393835
Question1,bike(3),150.00000000000006
Question1,bike(4),149.99999999999994
Question1,bike(0),149.99995240124244
Question1,bike(1),150.0
Question1,bike(2),149.99999999999991
Question1,bike(3),150.0
Question1,bike(4),150.0
Question1,bike(0),150.0
Question1,bike(1),149.99999999999994
Question1,bike(2),150.00000000000006
Question1,bike(3),150.0
Question1,bike(4),150.0
Question1,bike(0),122.00318891265749
Question1,bike(1),105.60580200976926
Question1,bike(2),149.99999999999997
Question1,bike(3),150.00000000000003
Question1,bike(4),150.00000000000003
Question1,bike(1),102.25565347157206
Question1,bike(2),149.99999999999997
Question1,bike(3),150.00000000000009
Question1,bike(4),150.0
Question1,bike(1),150.00000000000006
Question1,bike(2),150.0000000000001
Question1,bike(3),149.99999999999997
Question1,bike(4),99.30423689617383
Question1,bike(1),149.9999999999999
Question1,bike(2),150.00000000000006
Question1,bike(3),150.0
Question1,bike(4),150.00000000000006
Question1,bike(1),149.99999999999997
Question1,bike(2),150.00000000000003
Question1,bike(3),150.0
Question1,bike(4),90.68792803398085
Question1,bike(1),149.99999999999997
Question1,bike(2),138.5915031046722
Question1,bike(3),149.99999999999994
Question1,bike(4),149.99999999999994
Question1,bike(1),150.00000000000003
Question1,bike(2),150.00000000000006
Question1,bike(3),149.99999999999994
Question1,bike(4),150.00000000000003
Question1,bike(1),135.86571361422537
Question1,bike(2),150.00000000000006
Question1,bike(3),150.00000000000003
Question1,bike(4),149.99999999999991
Question1,bike(1),149.99999999999997
Question1,bike(2),149.99999999999997
Question1,bike(3),150.0
Question1,bike(4),106.08183920642126
Question1,bike(1),132.1554258265782
Question1,bike(2),150.00000000000009
Question1,bike(3),149.99999999999997
Question1,bike(4),150.00000000000003
Question1,bike(0),149.99999999999991
Question1,bike(1),128.06964065064494
Question1,bike(2),149.9999999999999
Question1,bike(3),149.99999999999994
Question1,bike(4),150.0
Question1,bike(0),150.0
Question1,bike(1),150.00000000000003
Question1,bike(2),150.00000000000006
Question1,bike(3),150.0
Question1,bike(4),150.0
Question1,bike(2),147.32837657547677
Question1,bike(3),150.00000000000003
Question1,bike(4),150.0
Question1,bike(2),122.69523268566817
Question1,bike(3),150.0
Question1,bike(4),149.6334922835133
Question1,bike(2),150.00000000000006
Question1,bike(3),149.99999999999997
Question1,bike(4),149.99999999999997
Question1,bike(3),124.72367168487578
Question1,bike(4),150.0
Question1,bike(1),150.0
Question1,bike(3),150.00000000000006
Question1,bike(4),150.0
Question1,bike(1),13.933773069359837
Question1,bike(3),149.99999999999994
Question1,bike(4),150.0
Question1,bike(0),149.99999999999994
Question1,bike(1),150.00000000000006
Question1,bike(3),87.54771112776984
Question1,bike(4),150.0
Question1,bike(0),54.07347987766485
Question1,bike(1),150.00000000000006
Question1,bike(3),150.0
Question1,bike(4),149.99999999999997
Question1,bike(0),150.0
Question1,bike(1),150.0
Question1,bike(3),150.0
Question1,bike(4),149.99999999999997
Question1,bike(1),150.0
Question1,bike(4),149.99999999999997
Question1,bike(1),150.0
Question1,bike(4),149.99999999999997
Question1,bike(1),150.0
Question1,bike(4),150.0
Question1,bike(1),141.7334802227531
Question1,bike(4),149.99999999999994
Question1,bike(1),150.0
Question1,bike(3),150.0
Question1,bike(4),150.0
Question1,bike(1),149.99990092589195
Question1,bike(3),150.00000000000006
Question1,bike(4),149.07677762487512
Question1,bike(1),150.0
Question1,bike(3),149.99999999999997
Question1,bike(4),150.00000000000003
Question1,bike(0),150.0
Question1,bike(1),150.0
Question1,bike(3),150.00000000000006
Question1,bike(4),150.0
Question1,bike(0),150.0
Question1,bike(1),149.99999999999994
Question1,bike(3),150.00000000000009
Question1,bike(4),150.0
Question1,bike(0),149.99999999999994
Question1,bike(1),150.00000000000003
Question1,bike(3),149.9999999999999
Question1,bike(4),149.99999999999997
Question1,bike(0),73.93664786501878
Question1,bike(1),150.0000000000001
Question1,bike(3),150.00000000000006
Question1,bike(4),150.0
Question1,bike(0),150.0
Question1,bike(1),125.63476176756281
Question1,bike(2),150.0
Question1,bike(3),115.15574881456476
Question1,bike(4),150.0
Question1,bike(0),129.08955554866787
Question1,bike(1),150.0
Question1,bike(2),150.0
Question1,bike(3),149.99999999999997
Question1,bike(4),120.00923152817514
Question1,bike(0),75.6405151918075
Question1,bike(1),150.0
Question1,bike(2),149.99999999999997
Question1,bike(3),140.03820362529942
Question1,bike(4),149.99999999999997
Question1,bike(0),150.0
Question1,bike(1),135.15595853745822
Question1,bike(2),149.99999999999997
Question1,bike(3),150.0
Question1,bike(4),149.99999999999997
Question1,bike(0),150.00000000000003
Question1,bike(1),20.0749130539938
Question1,bike(2),149.99999999999997
Question1,bike(3),76.39095514504018
Question1,bike(4),150.0
Question1,bike(0),149.99999999999991
Question1,bike(1),149.99999999999997
Question1,bike(2),150.00000000000009
Question1,bike(3),149.99999999999991
Question1,bike(4),150.0
Question1,bike(0),150.00000000000003
Question1,bike(1),60.78722890207768
Question1,bike(2),52.896655953232155
Question1,bike(3),148.3760703592386
Question1,bike(4),150.0
Question1,bike(0),150.0
Question1,bike(1),150.0
Question1,bike(2),149.99999999999997
Question1,bike(3),150.00000000000009
Question1,bike(4),149.99999999999997
Question1,bike(0),149.99999999999991
Question1,bike(1),150.00000000000006
Question1,bike(2),150.0
Question1,bike(3),149.99999999999997
Question1,bike(4),150.0
Question1,bike(0),133.4627948620062
Question1,bike(1),150.00000000000003
Question1,bike(2),150.0
Question1,bike(3),149.99999999999997
Question1,bike(4),150.0
Question1,bike(0),150.00000000000003
Question1,bike(1),145.845237235549
Question1,bike(2),55.585578567234755
Question1,bike(3),148.1876449509245
Question1,bike(4),150.0
Question1,bike(0),150.00000000000003
Question1,bike(1),150.0
Question1,bike(2),150.00000000000009
Question1,bike(3),149.99999999999997
Question1,bike(4),150.00000000000003
Question1,bike(0),150.0
Question1,bike(1),26.76833673330166
Question1,bike(3),149.89695613342963
Question1,bike(4),150.0
Question1,bike(1),131.0490009374931
Question1,bike(3),138.08445589638626
Question1,bike(4),150.00000000000003
Question1,bike(1),150.00000000000003
Question1,bike(3),150.0
Question1,bike(4),150.00000000000003
Question1,bike(1),92.87734152224816
Question1,bike(3),76.39095514504018
Question1,bike(4),149.99999999999994
Question1,bike(1),150.0
Question1,bike(3),150.00000000000003
Question1,bike(4),150.0
Question1,bike(0),150.00000000000006
Question1,bike(1),150.0
Question1,bike(3),149.99999999999994
Question1,bike(4),55.45172792466453
Question1,bike(0),150.0
Question1,bike(1),149.99999999999994
Question1,bike(3),150.00000000000006
Question1,bike(4),150.0
Question1,bike(0),150.0
Question1,bike(1),150.0
Question1,bike(2),150.0
Question1,bike(3),149.99999999999994
Question1,bike(4),149.99999999999991
Question1,bike(0),149.99991733205457
Question1,bike(1),150.00000000000006
Question1,bike(2),80.05663704337897
Question1,bike(3),150.00000000000014
Question1,bike(4),149.77486086770335
Question1,bike(0),150.0
Question1,bike(1),149.99999999999997
Question1,bike(2),149.99999999999997
Question1,bike(3),149.99999999999994
Question1,bike(4),149.99999999999997
Question1,bike(0),150.00000000000003
Question1,bike(1),150.00000000000003
Question1,bike(2),149.99999999999991
Question1,bike(3),99.3875778692599
Question1,bike(4),149.99999999999997
Question1,bike(0),150.00000000000006
Question1,bike(1),150.0
Question1,bike(2),76.7090351742375
Question1,bike(3),150.00000000000003
Question1,bike(4),150.0
Question1,bike(0),150.0
Question1,bike(1),150.00000000000006
Question1,bike(2),150.0
Question1,bike(3),150.00000000000003
Question1,bike(4),65.93963420609813
Question1,bike(0),149.99999999999994
Question1,bike(1),99.33062359856122
Question1,bike(2),65.67615693920163
Question1,bike(3),149.99999999999997
Question1,bike(4),150.0
Question1,bike(0),80.33737402134932
Question1,bike(1),150.00000000000003
Question1,bike(2),150.00000000000009
Question1,bike(3),150.0
Question1,bike(4),83.08251669666966
Question1,bike(0),150.00000000000003
Question1,bike(1),150.0
Question1,bike(2),150.00000000000009
Question1,bike(3),150.0000000000001
Question1,bike(4),149.99999999999997
Question1,bike(0),149.99999999999994
Question1,bike(1),150.0
Question1,bike(2),149.99999999999994
Question1,bike(3),150.00000000000006
Question1,bike(4),149.99999999999997
Question1,bike(0),150.0
Question1,bike(1),150.0
Question1,bike(2),149.99999999999994
Question1,bike(3),88.65488427178595
Question1,bike(4),150.00000000000003
Question1,bike(0),150.00000000000006
Question1,bike(1),149.99999999999997
Question1,bike(2),150.00000000000009
Question1,bike(3),150.00000000000006
Question1,bike(4),118.64506734229437
Question1,bike(0),103.90670793581455
Question1,bike(1),150.0
Question1,bike(2),150.00000000000006
Question1,bike(3),150.00000000000009
Question1,bike(4),150.0
Question1,bike(0),129.36500730807919
Question1,bike(1),71.11194613378284
Question1,bike(2),149.9999999999999
Question1,bike(3),149.99999999999994
Question1,bike(4),149.99999999999991
Question1,bike(0),150.0
Question1,bike(1),149.99999999999997
Question1,bike(2),150.0
Question1,bike(3),73.91041630363327
Question1,bike(4),149.99999999999997
Question1,bike(0),150.00000000000003
Question1,bike(1),149.99999999999997
Question1,bike(2),149.9999999999999
Question1,bike(3),150.00000000000003
Question1,bike(4),149.99999999999997
Question1,bike(0),150.0
Question1,bike(1),150.0
Question1,bike(2),150.0
Question1,bike(3),150.00000000000006
Question1,bike(4),150.00000000000009
Question1,bike(0),149.99999999999997
Question1,bike(1),135.09662658072068
Question1,bike(2),149.99999999999994
Question1,bike(3),150.00000000000006
Question1,bike(4),149.99999999999997
Question1,bike(0),107.93489778371517
Question1,bike(1),150.00000000000003
Question1,bike(2),150.0
Question1,bike(3),149.99999999999997
Question1,bike(4),150.0
Question1,bike(0),150.00000000000003
Question1,bike(1),149.99999999999997
Question1,bike(2),150.00000000000009
Question1,bike(3),111.87972832538318
Question1,bike(4),74.77996079275817
Question1,bike(0),107.93489778371517
Question1,bike(1),150.0
Question1,bike(2),150.0
Question1,bike(3),150.00000000000006
Question1,bike(4),150.0
Question1,bike(0),150.0
Question1,bike(1),149.99999999999994
Question1,bike(2),150.0
Question1,bike(3),150.00000000000003
Question1,bike(4),150.00000000000003
Question1,bike(0),150.00000000000003
Question1,bike(1),149.99999999999994
Question1,bike(2),150.0000000000001
Question1,bike(3),143.8442570944588
Question1,bike(4),150.00000000000006
Question1,bike(0),107.93489778371517
Question1,bike(1),141.72898777458545
Question1,bike(2),150.0
Question1,bike(3),150.0
Question1,bike(4),97.65563083880379
Question1,bike(0),125.49961029960487
Question1,bike(1),150.0
Question1,bike(2),149.99999999999991
Question1,bike(3),150.00000000000003
Question1,bike(4),149.99999999999997
Question1,bike(0),150.0
Question1,bike(1),149.99999999999994
Question1,bike(2),149.99999999999991
Question1,bike(3),136.5128436782351
Question1,bike(4),149.99999999999997
Question1,bike(0),150.0
Question1,bike(1),150.00000000000006
Question1,bike(2),116.40871300705491
Question1,bike(3),149.99999999999997
Question1,bike(4),149.99999999999997
Question1,bike(0),150.0
Question1,bike(1),149.9999999999999
Question1,bike(2),150.0
Question1,bike(3),150.0
Question1,bike(4),149.99999999999997
Question1,bike(0),150.00000000000003
Question1,bike(1),149.99999999999994
Question1,bike(2),149.99999999999991
Question1,bike(3),149.99999999999997
Question1,bike(4),149.99999999999997
Question1,bike(0),150.00000000000006
Question1,bike(1),150.00000000000009
Question1,bike(2),149.99999999999991
Question1,bike(3),149.99988644697473
Question1,bike(4),149.99999999999997
Question1,bike(0),110.55583655542262
Question1,bike(1),150.0
Question1,bike(2),150.0000000000001
Question1,bike(3),150.00000000000014
Question1,bike(4),150.00000000000003
Question1,bike(0),86.08344007777542
Question1,bike(1),150.0000000000001
Question1,bike(2),150.0
Question1,bike(3),150.00000000000003
Question1,bike(4),150.0
Question1,bike(0),128.7029909762802
Question1,bike(1),149.99999999999994
Question1,bike(2),149.99999999999997
Question1,bike(3),87.351155261389
Question1,bike(4),150.0
Question1,bike(0),150.0
Question1,bike(1),149.9999999999999
Question1,bike(2),150.00000000000006
Question1,bike(3),149.99999999999991
Question1,bike(4),149.3673786406938
Question1,bike(0),58.05845252108374
Question1,bike(1),76.44627484418525
Question1,bike(2),150.00000000000003
Question1,bike(3),78.31542186765088
Question1,bike(4),149.99999999999994
Question1,bike(0),150.0
Question1,bike(1),150.0
Question1,bike(2),150.0
Question1,bike(3),150.00000000000003
Question1,bike(4),127.67527914389976
Question1,bike(0),150.0
Question1,bike(1),150.00000000000006
Question1,bike(2),150.0
Question1,bike(3),150.00000000000003
Question1,bike(4),149.99999999999997
Question1,bike(0),141.0864846281515
Question1,bike(1),141.22054740978956
Question1,bike(2),150.00000000000003
Question1,bike(3),150.00000000000009
Question1,bike(4),149.99999999999997
Question1,bike(0),149.99999999999997
Question1,bike(1),149.99999999999997
Question1,bike(2),149.99999999999997
Question1,bike(3),150.00000000000009
Question1,bike(4),150.0000000000001
Question1,bike(0),75.79985013431315
Question1,bike(1),149.99999999999997
Question1,bike(2),150.0
Question1,bike(3),149.99999999999997
Question1,bike(4),149.99999999999994
Question1,bike(0),150.0
Question1,bike(1),150.0
Question1,bike(2),150.0
Question1,bike(3),67.17110084648357
Question1,bike(4),149.99999999999994
Question1,bike(0),149.9996220772636
Question1,bike(1),149.99999999999994
Question1,bike(2),149.99999999999997
Question1,bike(3),149.99999999999994
Question1,bike(4),149.99999999999997
Question1,bike(0),150.0
Question1,bike(1),150.0
Question1,bike(2),149.99999999999991
Question1,bike(3),149.99999999999994
Question1,bike(4),150.0
Question1,bike(0),150.0
Question1,bike(1),149.99999999999991
Question1,bike(2),75.71432002124823
Question1,bike(3),150.00000000000006
Question1,bike(4),150.00000000000003
Question1,bike(0),149.99999999999997
Question1,bike(1),150.0
Question1,bike(2),150.0
Question1,bike(3),150.00000000000009
Question1,bike(4),114.8073431452918
Question1,bike(0),150.00000000000003
Question1,bike(1),150.00000000000006
Question1,bike(2),150.00000000000003
Question1,bike(3),149.99999999999994
Question1,bike(4),150.00000000000006
Question1,bike(0),150.00000000000003
Question1,bike(2),150.0000000000001
Question1,bike(4),150.00000000000003
Question1,bike(0),149.99999999999997
Question1,bike(2),150.0
Question1,bike(4),149.84249864112357
Question1,bike(0),150.00000000000003
Question1,bike(2),150.00000000000003
Question1,bike(4),150.0
Question1,bike(0),150.00000000000003
Question1,bike(2),150.00000000000003
Question1,bike(4),150.00000000000003
Question1,bike(0),104.26848533758304
Question1,bike(2),150.0
Question1,bike(3),149.99999999999994
Question1,bike(4),150.00000000000003
Question1,bike(0),150.00000000000006
Question1,bike(1),149.99999999999997
Question1,bike(2),150.0
Question1,bike(3),149.99999999999994
Question1,bike(4),149.98800952136827
Question1,bike(0),150.0
Question1,bike(1),149.99999999999997
Question1,bike(2),150.00000000000006
Question1,bike(3),149.99999999999994
Question1,bike(4),82.99581682195297
Question1,bike(0),147.14359288695968
Question1,bike(1),150.00000000000006
Question1,bike(2),61.80881998834235
Question1,bike(3),150.00000000000009
Question1,bike(4),150.0
Question1,bike(0),150.00000000000006
Question1,bike(1),130.21554906777013
Question1,bike(2),149.99999999999994
Question1,bike(3),149.99999999999994
Question1,bike(4),38.22422789880615
Question1,bike(0),150.00000000000009
Question1,bike(1),149.99999999999994
Question1,bike(2),149.99999999999997
Question1,bike(3),150.0
Question1,bike(4),71.65950053237235
Question1,bike(0),135.42867077294417
Question1,bike(1),149.99999999999994
Question1,bike(2),149.99999999999997
Question1,bike(3),149.99999999999997
Question1,bike(4),150.0
Question1,bike(0),150.0
Question1,bike(1),149.99999999999991
Question1,bike(2),149.9999999999999
Question1,bike(3),150.00000000000006
Question1,bike(4),87.98816449418408
Question1,bike(0),150.00000000000003
Question1,bike(1),150.0
Question1,bike(2),150.0000000000001
Question1,bike(3),150.00000000000014
Question1,bike(4),150.0
Question1,bike(0),141.70982868153393
Question1,bike(1),90.54289819398909
Question1,bike(2),149.8546980977581
Question1,bike(3),130.13251743036273
Question1,bike(4),150.00000000000003
Question1,bike(0),149.99999999999997
Question1,bike(1),150.00000000000006
Question1,bike(2),139.00653274723936
Question1,bike(3),21.62288668914254
Question1,bike(4),150.00000000000003
Question1,bike(0),149.99999999999991
Question1,bike(1),149.99999999999997
Question1,bike(2),56.18024701393743
Question1,bike(3),149.99999999999997
Question1,bike(4),150.00000000000003
Question1,bike(0),150.0
Question1,bike(1),150.00000000000006
Question1,bike(2),149.99999999999994
Question1,bike(3),122.1326146223179
Question1,bike(4),150.0
Question1,bike(0),138.06524819420468
Question1,bike(1),117.15346419512633
Question1,bike(2),150.0
Question1,bike(3),149.99999999999994
Question1,bike(4),150.0
Question1,bike(0),150.00000000000003
Question1,bike(1),150.0000000000001
Question1,bike(2),138.7798644490013
Question1,bike(3),150.00000000000003
Question1,bike(4),149.99999999999997
Question1,bike(0),150.00000000000003
Question1,bike(1),149.99999999999991
Question1,bike(2),150.00000000000009
Question1,bike(3),134.10750778513875
Question1,bike(4),149.99999999999991
Question1,bike(0),149.99999999999994
Question1,bike(1),149.99999999999994
Question1,bike(2),150.0
Question1,bike(3),149.9999999999999
Question1,bike(4),149.99999999999994
Question1,bike(0),150.00000000000003
Question1,bike(1),150.00000000000009
Question1,bike(2),150.0
Question1,bike(3),102.42935703329782
Question1,bike(4),149.99999999999994
Question1,bike(0),150.0
Question1,bike(1),149.9999999999999
Question1,bike(2),150.00000000000006
Question1,bike(3),149.99999999999997
Question1,bike(4),150.0
Question1,bike(0),73.07845442457744
Question1,bike(1),149.99999999999997
Question1,bike(2),150.00000000000006
Question1,bike(3),147.5668174455375
Question1,bike(4),150.00000000000003
Question1,bike(0),75.64051519180748
Question1,bike(1),149.99999999999997
Question1,bike(2),150.00000000000003
Question1,bike(3),85.07283461443387
Question1,bike(4),150.00000000000009
Question1,bike(0),150.0
Question1,bike(1),149.99999999999997
Question1,bike(2),150.0
Question1,bike(3),149.99999999999997
Question1,bike(4),149.99999999999994
Question1,bike(1),44.05550605049817
Question1,bike(2),150.0
Question1,bike(3),150.00000000000006
Question1,bike(1),150.0
Question1,bike(2),150.0
Question1,bike(3),149.99999999999997
Question1,bike(1),150.0
Question1,bike(2),150.0
Question1,bike(3),150.00000000000003
Question1,bike(1),150.0
Question1,bike(2),150.0
Question1,bike(3),129.60958066025395
Question1,bike(4),150.0000000000001
Question1,bike(1),150.0
Question1,bike(2),149.99999999999997
Question1,bike(3),150.00000000000006
Question1,bike(4),102.0308593159144
Question1,bike(0),149.99999999999994
Question1,bike(1),149.99999999999997
Question1,bike(2),150.0
Question1,bike(3),150.00000000000006
Question1,bike(4),149.99999999999994
Question1,bike(0),150.0
Question1,bike(1),65.08080500340216
Question1,bike(2),150.0000000000001
Question1,bike(3),150.00000000000003
Question1,bike(4),150.0
Question1,bike(0),150.0
Question1,bike(1),150.0
Question1,bike(2),150.00000000000003
Question1,bike(3),127.05020203925721
Question1,bike(4),94.51494752335769
Question1,bike(0),150.00000000000003
Question1,bike(1),149.9999999999999
Question1,bike(2),138.77478785435207
Question1,bike(3),149.99999999999991
Question1,bike(4),149.99999999999994
Question1,bike(0),76.29995309568399
Question1,bike(1),150.0
Question1,bike(2),150.00000000000003
Question1,bike(3),149.12107768725107
Question1,bike(4),149.99999999999991
Question1,bike(0),149.9999396071946
Question1,bike(1),149.99999999999994
Question1,bike(2),149.99999999999991
Question1,bike(3),150.0
Question1,bike(4),150.0000000000001
Question1,bike(0),71.18392889142531
Question1,bike(1),150.00000000000006
Question1,bike(2),127.97460794740185
Question1,bike(3),150.00000000000006
Question1,bike(4),138.80290492991452
Question1,bike(0),149.99984890467633
Question1,bike(1),150.00000000000006
Question1,bike(2),150.0
Question1,bike(3),149.99999999999994
Question1,bike(4),149.99999999999994
Question1,bike(0),149.99999985926047
Question1,bike(1),149.99999999999991
Question1,bike(2),149.99999999999997
Question1,bike(3),150.00000000000006
Question1,bike(4),141.29088292096873
Question1,bike(0),149.99999999999997
Question1,bike(1),105.19140290419485
Question1,bike(2),150.0
Question1,bike(3),150.0
Question1,bike(4),150.00000000000009
Question1,bike(0),149.99999999999994
Question1,bike(1),150.0
Question1,bike(2),150.0
Question1,bike(3),149.99999999999991
Question1,bike(4),150.00000000000006
Question1,bike(0),149.99999999999997
Question1,bike(1),149.99999999999994
Question1,bike(2),150.0
Question1,bike(3),150.0
Question1,bike(4),149.99999999999991
Question1,bike(0),150.0
Question1,bike(1),149.99999999999997
Question1,bike(2),150.00000000000006
Question1,bike(3),150.0
Question1,bike(4),132.13918300453082
Question1,bike(0),73.41734286702354
Question1,bike(1),150.00000000000003
Question1,bike(2),149.99999999999994
Question1,bike(3),149.9999999999999
Question1,bike(4),150.00000000000009
Question1,bike(0),150.00000000000006
Question1,bike(1),149.99999999999997
Question1,bike(2),150.00000000000006
Question1,bike(3),121.72563133421882
Question1,bike(4),150.0
Question1,bike(0),149.99999999999997
Question1,bike(1),149.99999999999994
Question1,bike(2),149.9999999999999
Question1,bike(3),129.95328761366937
Question1,bike(4),149.81710253327958
Question1,bike(0),150.0
Question1,bike(1),149.99999999999994
Question1,bike(2),150.00000000000006
Question1,bike(3),150.00000000000003
Question1,bike(4),150.0
Question1,bike(0),121.22822147400773
Question1,bike(1),79.47298480355711
Question1,bike(2),150.00000000000003
Question1,bike(3),149.99999999999997
Question1,bike(4),150.0
Question1,bike(0),150.0
Question1,bike(1),149.99999999999997
Question1,bike(2),150.0
Question1,bike(3),149.99999999999997
Question1,bike(4),150.0000000000001
Question1,bike(0),149.99999999999994
Question1,bike(1),149.99999999999994
Question1,bike(2),149.99999999999994
Question1,bike(3),150.00000000000003
Question1,bike(4),150.00000000000006
Question1,bike(0),149.99999999999997
Question1,bike(1),149.99999999999994
Question1,bike(2),150.00000000000003
Question1,bike(3),149.99999999999997
Question1,bike(4),150.00000000000006
Question1,bike(0),149.99999999999994
Question1,bike(1),150.00000000000006
Question1,bike(2),150.00000000000009
Question1,bike(3),149.99999999999991
Question1,bike(4),45.986334122701315
Question1,bike(0),150.00000000000006
Question1,bike(1),150.0
Question1,bike(2),76.22481162143669
Question1,bike(3),149.99999999999991
Question1,bike(4),149.99999999999997
Question1,bike(0),150.00000000000003
Question1,bike(1),149.99399431767225
Question1,bike(2),150.00000000000009
Question1,bike(3),149.99999999999997
Question1,bike(4),150.00000000000009
Question1,bike(0),149.99999999999994
Question1,bike(1),120.06262918106543
Question1,bike(2),149.99999999999997
Question1,bike(3),139.09168572774766
Question1,bike(4),150.00000000000003
Question1,bike(0),150.00000000000006
Question1,bike(1),150.0
Question1,bike(2),149.50885184807828
Question1,bike(3),150.00000000000006
Question1,bike(4),150.00000000000006
Question1,bike(0),99.57346766864005
Question1,bike(1),150.0
Question1,bike(2),76.32219167523543
Question1,bike(3),150.00000000000006
Question1,bike(4),150.0
Question1,bike(0),150.0
Question1,bike(1),150.0
Question1,bike(2),150.0
Question1,bike(3),150.00000000000009
Question1,bike(4),149.99999999999997
Question1,bike(0),105.85988479045888
Question1,bike(1),150.0
Question1,bike(2),149.99908571152798
Question1,bike(3),149.99999999999997
Question1,bike(4),150.0
Question1,bike(0),150.0
Question1,bike(1),150.00000000000006
Question1,bike(2),149.99999999999994
Question1,bike(3),149.99999999999997
Question1,bike(4),149.99999999999997
Question1,bike(0),150.0
Question1,bike(1),149.99999999999994
Question1,bike(2),150.00000000000006
Question1,bike(3),149.99999999999994
Question1,bike(4),149.99999999999991
Question1,bike(0),149.99999999999994
Question1,bike(1),150.0
Question1,bike(2),79.6079541801151
Question1,bike(3),149.99999999999997
Question1,bike(4),149.99999999999997
Question1,bike(0),149.99999999999997
Question1,bike(1),150.0
Question1,bike(2),150.00000000000006
Question1,bike(3),150.00000000000006
Question1,bike(4),150.00000000000006
Question1,bike(0),150.00000000000003
Question1,bike(1),150.00000000000003
Question1,bike(2),69.14563625015678
Question1,bike(3),140.89833405640152
Question1,bike(4),149.99999999999991
Question1,bike(0),150.0
Question1,bike(1),87.99012135538413
Question1,bike(2),149.99999999999991
Question1,bike(3),150.00000000000009
Question1,bike(4),150.0
Question1,bike(0),149.99999999999997
Question1,bike(1),149.99999999999991
Question1,bike(2),149.99999999999991
Question1,bike(3),150.0
Question1,bike(4),150.0
Question1,bike(0),150.00000000000009
Question1,bike(1),150.0
Question1,bike(2),149.99999999999991
Question1,bike(4),78.31542186765088
Question1,bike(0),150.00000000000006
Question1,bike(1),150.0
Question1,bike(2),150.00000000000003
Question1,bike(4),150.0
Question1,bike(0),150.0
Question1,bike(2),149.99999999999997
Question1,bike(4),91.20637689567343
Question1,bike(0),121.26015842442062
Question1,bike(2),149.99999999999994
Question1,bike(4),150.0
Question1,bike(0),149.99999999999997
Question1,bike(2),105.40471560061253
Question1,bike(4),150.0
Question1,bike(0),150.0
Question1,bike(2),136.73831252939607
Question1,bike(4),150.0
Question1,bike(0),126.80146321780725
Question1,bike(2),149.99999999999994
Question1,bike(4),150.00000000000009
Question1,bike(0),149.9999999999999
Question1,bike(2),149.9999999999999
Question1,bike(4),150.00000000000006
Question1,bike(0),149.9999999999999
Question1,bike(2),135.09989840071043
Question1,bike(0),147.32886441898182
Question1,bike(2),150.0
Question1,bike(2),150.0
Question1,bike(3),55.585578567234755
Question1,bike(1),82.9493715317833
Question1,bike(2),150.0000000000001
Question1,bike(3),149.99999999999997
Question1,bike(1),150.00000000000003
Question1,bike(2),149.16903724176288
Question1,bike(3),150.00000000000009
Question1,bike(1),150.0
Question1,bike(2),149.99999999999991
Question1,bike(3),150.0
Question1,bike(1),149.99999999999997
Question1,bike(2),78.31542186765088
Question1,bike(3),143.81964005430746
Question1,bike(1),150.0
Question1,bike(2),149.99999999999994
Question1,bike(3),149.99999999999994
Question1,bike(1),150.00000000000003
Question1,bike(2),68.10995587602955
Question1,bike(3),149.99999999999994
Question1,bike(1),110.01666525446635
Question1,bike(2),150.0
Question1,bike(3),150.0
Question1,bike(1),150.0
Question1,bike(2),81.86270453650282
Question1,bike(3),150.00000000000006
Question1,bike(1),150.0
Question1,bike(2),149.99999999999994
Question1,bike(3),150.0
Question1,bike(1),150.00000000000003
Question1,bike(2),150.00000000000006
Question1,bike(3),149.99999999999997
Question1,bike(1),123.96600713426923
Question1,bike(2),150.0
Question1,bike(3),150.00000000000006
Question1,bike(4),150.0
Question1,bike(1),149.99999999999994
Question1,bike(2),150.00000000000006
Question1,bike(3),149.99999999999994
Question1,bike(4),144.42267395879423
Question1,bike(1),150.0
Question1,bike(2),150.0
Question1,bike(3),149.99999999999997
Question1,bike(4),146.55981626503518
Question1,bike(0),150.0
Question1,bike(1),25.055877619128314
Question1,bike(2),150.00000000000003
Question1,bike(3),149.99999999999997
Question1,bike(4),150.0
Question1,bike(0),150.0
Question1,bike(1),150.00000000000003
Question1,bike(2),81.89004412397044
Question1,bike(3),150.00000000000003
Question1,bike(4),150.0
Question1,bike(0),150.00000000000006
Question1,bike(1),149.98139331711423
Question1,bike(2),150.0
Question1,bike(3),78.76027959639087
Question1,bike(4),150.00000000000006
Question1,bike(0),150.0
Question1,bike(1),150.00000000000003
Question1,bike(2),149.99999999999997
Question1,bike(3),149.99999999999994
Question1,bike(4),150.00000000000003
Question1,bike(0),150.00000000000003
Question1,bike(1),60.46673717959573
Question1,bike(2),150.0
Question1,bike(3),149.99999999999997
Question1,bike(4),150.00000000000006
Question1,bike(0),150.0
Question1,bike(1),149.99999999999994
Question1,bike(2),142.14986442959827
Question1,bike(3),149.99999999999994
Question1,bike(4),150.00000000000003
Question1,bike(0),143.7875104712792
Question1,bike(1),150.0
Question1,bike(2),150.00000000000003
Question1,bike(3),149.82064169267616
Question1,bike(4),149.70793892725396
Question1,bike(0),150.0
Question1,bike(1),148.79934184032822
Question1,bike(2),149.99999999999997
Question1,bike(3),120.21951484894456
Question1,bike(4),150.00000000000006
Question1,bike(0),150.00000000000003
Question1,bike(1),149.99999999999997
Question1,bike(2),147.79925689985987
Question1,bike(3),73.07845442457744
Question1,bike(4),73.82128657484087
Question1,bike(0),69.5124541545365
Question1,bike(1),150.0
Question1,bike(2),150.00000000000006
Question1,bike(3),129.47398158562225
Question1,bike(4),150.00000000000003
Question1,bike(0),150.0
Question1,bike(1),150.0
Question1,bike(2),138.28552893310314
Question1,bike(3),126.75615348425347
Question1,bike(4),150.00000000000003
Question1,bike(0),150.0
Question1,bike(1),142.86336391900085
Question1,bike(2),149.99999999999994
Question1,bike(3),150.0
Question1,bike(4),150.0
Question1,bike(0),150.00000000000003
Question1,bike(1),149.99999999999994
Question1,bike(2),150.00000000000009
Question1,bike(3),75.64051519180748
Question1,bike(4),149.99999999999997
Question1,bike(0),149.99999999999997
Question1,bike(1),149.9274868151553
Question1,bike(2),150.0
Question1,bike(3),150.0
Question1,bike(4),149.99999999999997
Question1,bike(0),23.19548013106976
Question1,bike(1),149.99999999999994
Question1,bike(2),149.99999999999994
Question1,bike(3),150.0
Question1,bike(4),149.99999999999997
Question1,bike(0),150.0
Question1,bike(1),92.08864231365243
Question1,bike(2),149.99999999999994
Question1,bike(3),150.0
Question1,bike(4),141.5515795013074
Question1,bike(0),136.14577593158677
Question1,bike(1),149.99994700418543
Question1,bike(2),150.00000000000009
Question1,bike(3),149.99999999999997
Question1,bike(4),150.0
Question1,bike(0),135.5916066210579
Question1,bike(1),150.0
Question1,bike(2),87.01273784797644
Question1,bike(3),149.9257390675359
Question1,bike(4),73.93715151427674
Question1,bike(0),150.00000000000006
Question1,bike(1),128.30567040087607
Question1,bike(2),149.99999999999991
Question1,bike(3),150.0
Question1,bike(4),150.00000000000006
Question1,bike(0),150.0
Question1,bike(1),149.99050009805234
Question1,bike(2),149.99999999999991
Question1,bike(3),150.00000000000003
Question1,bike(4),149.99999999999994
Question1,bike(0),150.00000000000006
Question1,bike(1),150.0
Question1,bike(2),149.99999999999991
Question1,bike(3),73.57171482856874
Question1,bike(4),147.8743030285534
Question1,bike(0),150.0
Question1,bike(1),59.06654688429848
Question1,bike(2),149.99999999999994
Question1,bike(3),149.99999999999997
Question1,bike(4),150.00000000000003
Question1,bike(0),150.0
Question1,bike(1),150.0
Question1,bike(2),149.99999999999997
Question1,bike(3),79.50094229502484
Question1,bike(4),65.04513696852497
Question1,bike(0),80.59747045880056
Question1,bike(1),150.00000000000003
Question1,bike(2),149.99999999999994
Question1,bike(3),150.0
Question1,bike(4),150.00000000000009
Question1,bike(0),150.0
Question1,bike(1),150.00000000000003
Question1,bike(2),150.0
Question1,bike(3),150.00000000000006
Question1,bike(4),149.99999999999994
Question1,bike(0),150.0
Question1,bike(2),150.0
Question1,bike(3),149.99999999999997
Question1,bike(4),149.9999999999999
Question1,bike(3),149.99999999999991
Question1,bike(4),150.00000000000009
Question1,bike(3),150.0
Question1,bike(4),149.89695613342963
Question1,bike(0),150.0
Question1,bike(1),150.0
Question1,bike(2),149.99999999999994
Question1,bike(3),149.99999999999997
Question1,bike(4),150.00000000000003
Question1,bike(0),149.99999999999994
Question1,bike(1),139.7945340083786
Question1,bike(2),150.0
Question1,bike(3),149.99999999999997
Question1,bike(4),149.99999999999994
Question1,bike(0),150.0000000000001
Question1,bike(2),149.99999999999991
Question1,bike(2),150.0
Question1,bike(0),150.0
Question1,bike(1),149.99999999999994
Question1,bike(2),149.99999999999997
Question1,bike(3),150.00000000000003
Question1,bike(4),149.99999999999991
Question1,bike(1),150.0
Question1,bike(2),150.0
Question1,bike(3),150.0
Question1,bike(4),150.00000000000003
Question1,bike(3),149.99999999999994
Question1,bike(4),75.15132557155843
Question1,bike(3),129.80893435734174
Question1,bike(4),149.99999999999994
Question1,bike(3),150.0
